date,post_count,post_count_diff,prob_epidemic
2016-09-02,1,,
2016-09-03,1,0.0,
2016-09-04,0,-1.0,
2016-09-05,6,6.0,
2016-09-06,3,-3.0,
2016-09-07,2,-1.0,
2016-09-08,8,6.0,
2016-09-09,3,-5.0,
2016-09-10,3,0.0,
2016-09-11,2,-1.0,
2016-09-12,5,3.0,
2016-09-13,4,-1.0,
2016-09-14,3,-1.0,
2016-09-15,1,-2.0,
2016-09-16,2,1.0,
2016-09-17,2,0.0,
2016-09-18,0,-2.0,
2016-09-19,1,1.0,
2016-09-20,3,2.0,
2016-09-21,1,-2.0,
2016-09-22,2,1.0,
2016-09-23,2,0.0,
2016-09-24,0,-2.0,
2016-09-25,2,2.0,
2016-09-26,0,-2.0,
2016-09-27,1,1.0,
2016-09-28,0,-1.0,
2016-09-29,1,1.0,
2016-09-30,2,1.0,
2016-10-01,0,-2.0,
2016-10-02,0,0.0,
2016-10-03,3,3.0,
2016-10-04,2,-1.0,
2016-10-05,5,3.0,
2016-10-06,5,0.0,
2016-10-07,2,-3.0,
2016-10-08,0,-2.0,
2016-10-09,0,0.0,
2016-10-10,1,1.0,
2016-10-11,4,3.0,
2016-10-12,6,2.0,
2016-10-13,4,-2.0,
2016-10-14,6,2.0,
2016-10-15,1,-5.0,
2016-10-16,3,2.0,
2016-10-17,4,1.0,
2016-10-18,7,3.0,
2016-10-19,3,-4.0,
2016-10-20,23,20.0,
2016-10-21,8,-15.0,
2016-10-22,4,-4.0,0.8166499283961575
2016-10-23,1,-3.0,
2016-10-24,7,6.0,
2016-10-25,8,1.0,
2016-10-26,10,2.0,
2016-10-27,8,-2.0,0.020057308324394268
2016-10-28,8,0.0,
2016-10-29,1,-7.0,
2016-10-30,1,0.0,
2016-10-31,5,4.0,
2016-11-01,3,-2.0,0.014924785532093695
2016-11-02,4,1.0,
2016-11-03,5,1.0,
2016-11-04,2,-3.0,
2016-11-05,2,0.0,
2016-11-06,0,-2.0,0.008041641336546673
2016-11-07,3,3.0,
2016-11-08,3,0.0,
2016-11-09,8,5.0,
2016-11-10,6,-2.0,
2016-11-11,5,-1.0,0.007167668213515235
2016-11-12,1,-4.0,
2016-11-13,0,-1.0,
2016-11-14,2,2.0,
2016-11-15,6,4.0,
2016-11-16,6,0.0,0.00724977451170246
2016-11-17,9,3.0,
2016-11-18,8,-1.0,
2016-11-19,2,-6.0,
2016-11-20,1,-1.0,
2016-11-21,7,6.0,0.05060342766602658
2016-11-22,7,0.0,
2016-11-23,6,-1.0,
2016-11-24,1,-5.0,
2016-11-25,3,2.0,
2016-11-26,1,-2.0,0.00834857993488202
2016-11-27,2,1.0,
2016-11-28,2,0.0,
2016-11-29,10,8.0,
2016-11-30,7,-3.0,
2016-12-01,10,3.0,0.017279851427496228
2016-12-02,1,-9.0,
2016-12-03,2,1.0,
2016-12-04,1,-1.0,
2016-12-05,3,2.0,
2016-12-06,18,15.0,0.9988044525410339
2016-12-07,9,-9.0,
2016-12-08,22,13.0,
2016-12-09,10,-12.0,
2016-12-10,3,-7.0,
2016-12-11,9,6.0,0.9998795174790082
2016-12-12,13,4.0,
2016-12-13,18,5.0,
2016-12-14,14,-4.0,
2016-12-15,6,-8.0,
2016-12-16,12,6.0,0.9683695666406492
2016-12-17,2,-10.0,
2016-12-18,2,0.0,
2016-12-19,4,2.0,
2016-12-20,7,3.0,
2016-12-21,9,2.0,0.29469604806412136
2016-12-22,13,4.0,
2016-12-23,11,-2.0,
2016-12-24,5,-6.0,
2016-12-25,4,-1.0,
2016-12-26,3,-1.0,0.06825344381412086
2016-12-27,12,9.0,
2016-12-28,18,6.0,
2016-12-29,8,-10.0,
2016-12-30,9,1.0,
2016-12-31,6,-3.0,0.7303536657190745
2017-01-01,9,3.0,
2017-01-02,7,-2.0,
2017-01-03,13,6.0,
2017-01-04,11,-2.0,
2017-01-05,16,5.0,0.10507238708678035
2017-01-06,15,-1.0,
2017-01-07,5,-10.0,
2017-01-08,2,-3.0,
2017-01-09,6,4.0,
2017-01-10,9,3.0,0.46572165685328965
2017-01-11,7,-2.0,
2017-01-12,17,10.0,
2017-01-13,9,-8.0,
2017-01-14,4,-5.0,
2017-01-15,4,0.0,0.7881229073477249
2017-01-16,7,3.0,
2017-01-17,9,2.0,
2017-01-18,12,3.0,
2017-01-19,10,-2.0,
2017-01-20,8,-2.0,0.6627483685986213
2017-01-21,0,-8.0,
2017-01-22,6,6.0,
2017-01-23,6,0.0,
2017-01-24,7,1.0,
2017-01-25,2,-5.0,0.9999999999999997
2017-01-26,6,4.0,
2017-01-27,6,0.0,
2017-01-28,0,-6.0,
2017-01-29,1,1.0,
2017-01-30,5,4.0,0.36305485342692956
2017-01-31,20,15.0,
2017-02-01,17,-3.0,
2017-02-02,10,-7.0,
2017-02-03,9,-1.0,
2017-02-04,14,5.0,0.9965656543656654
2017-02-05,8,-6.0,
2017-02-06,15,7.0,
2017-02-07,19,4.0,
2017-02-08,15,-4.0,
2017-02-09,16,1.0,0.7516984009809634
2017-02-10,10,-6.0,
2017-02-11,5,-5.0,
2017-02-12,7,2.0,
2017-02-13,4,-3.0,
2017-02-14,11,7.0,0.9887145771188509
2017-02-15,8,-3.0,
2017-02-16,6,-2.0,
2017-02-17,15,9.0,
2017-02-18,7,-8.0,
2017-02-19,10,3.0,0.9644917466239508
2017-02-20,8,-2.0,
2017-02-21,25,17.0,
2017-02-22,30,5.0,
2017-02-23,30,0.0,
2017-02-24,11,-19.0,0.9906521379208807
2017-02-25,10,-1.0,
2017-02-26,15,5.0,
2017-02-27,18,3.0,
2017-02-28,30,12.0,
2017-03-01,12,-18.0,0.9954208367987294
2017-03-02,26,14.0,
2017-03-03,29,3.0,
2017-03-04,13,-16.0,
2017-03-05,10,-3.0,
2017-03-06,17,7.0,0.48107282008552654
2017-03-07,16,-1.0,
2017-03-08,12,-4.0,
2017-03-09,19,7.0,
2017-03-10,10,-9.0,
2017-03-11,14,4.0,0.35893464412095893
2017-03-12,6,-8.0,
2017-03-13,14,8.0,
2017-03-14,13,-1.0,
2017-03-15,5,-8.0,
2017-03-16,15,10.0,0.13120692717205715
2017-03-17,13,-2.0,
2017-03-18,3,-10.0,
2017-03-19,2,-1.0,
2017-03-20,15,13.0,
2017-03-21,8,-7.0,0.2866335985922323
2017-03-22,3,-5.0,
2017-03-23,11,8.0,
2017-03-24,5,-6.0,
2017-03-25,3,-2.0,
2017-03-26,6,3.0,0.9481647917776905
2017-03-27,4,-2.0,
2017-03-28,13,9.0,
2017-03-29,7,-6.0,
2017-03-30,8,1.0,
2017-03-31,9,1.0,0.5638013325712955
2017-04-01,4,-5.0,
2017-04-02,9,5.0,
2017-04-03,11,2.0,
2017-04-04,12,1.0,
2017-04-05,11,-1.0,0.492336918999641
2017-04-06,26,15.0,
2017-04-07,13,-13.0,
2017-04-08,1,-12.0,
2017-04-09,2,1.0,
2017-04-10,17,15.0,1.0
2017-04-11,15,-2.0,
2017-04-12,23,8.0,
2017-04-13,21,-2.0,
2017-04-14,7,-14.0,
2017-04-15,2,-5.0,1.0
2017-04-16,8,6.0,
2017-04-17,12,4.0,
2017-04-18,11,-1.0,
2017-04-19,8,-3.0,
2017-04-20,12,4.0,0.7414796540832732
2017-04-21,8,-4.0,
2017-04-22,3,-5.0,
2017-04-23,5,2.0,
2017-04-24,14,9.0,
2017-04-25,17,3.0,0.058396025111682764
2017-04-26,20,3.0,
2017-04-27,7,-13.0,
2017-04-28,16,9.0,
2017-04-29,8,-8.0,
2017-04-30,5,-3.0,0.579939443633502
2017-05-01,31,26.0,
2017-05-02,43,12.0,
2017-05-03,36,-7.0,
2017-05-04,19,-17.0,
2017-05-05,18,-1.0,0.26192460127973344
2017-05-06,5,-13.0,
2017-05-07,13,8.0,
2017-05-08,7,-6.0,
2017-05-09,12,5.0,
2017-05-10,11,-1.0,0.4419182451070576
2017-05-11,12,1.0,
2017-05-12,17,5.0,
2017-05-13,5,-12.0,
2017-05-14,2,-3.0,
2017-05-15,8,6.0,0.6114275578181941
2017-05-16,29,21.0,
2017-05-17,20,-9.0,
2017-05-18,21,1.0,
2017-05-19,8,-13.0,
2017-05-20,2,-6.0,0.5325549264092561
2017-05-21,4,2.0,
2017-05-22,6,2.0,
2017-05-23,16,10.0,
2017-05-24,8,-8.0,
2017-05-25,14,6.0,1.0
2017-05-26,14,0.0,
2017-05-27,5,-9.0,
2017-05-28,7,2.0,
2017-05-29,6,-1.0,
2017-05-30,15,9.0,9.863790002359762e-09
2017-05-31,15,0.0,
2017-06-01,13,-2.0,
2017-06-02,9,-4.0,
2017-06-03,2,-7.0,
2017-06-04,6,4.0,6.059124777134802e-15
2017-06-05,27,21.0,
2017-06-06,14,-13.0,
2017-06-07,25,11.0,
2017-06-08,16,-9.0,
2017-06-09,14,-2.0,0.5191985597205927
2017-06-10,10,-4.0,
2017-06-11,3,-7.0,
2017-06-12,8,5.0,
2017-06-13,12,4.0,
2017-06-14,8,-4.0,0.29567175365021947
2017-06-15,13,5.0,
2017-06-16,8,-5.0,
2017-06-17,2,-6.0,
2017-06-18,9,7.0,
2017-06-19,15,6.0,5.3846569346778e-12
2017-06-20,27,12.0,
2017-06-21,31,4.0,
2017-06-22,33,2.0,
2017-06-23,17,-16.0,
2017-06-24,2,-15.0,1.0
2017-06-25,9,7.0,
2017-06-26,16,7.0,
2017-06-27,17,1.0,
2017-06-28,12,-5.0,
2017-06-29,13,1.0,0.8231142964665259
2017-06-30,9,-4.0,
2017-07-01,7,-2.0,
2017-07-02,9,2.0,
2017-07-03,12,3.0,
2017-07-04,7,-5.0,0.22397436780802082
2017-07-05,19,12.0,
2017-07-06,7,-12.0,
2017-07-07,9,2.0,
2017-07-08,7,-2.0,
2017-07-09,2,-5.0,0.2853899413962379
2017-07-10,17,15.0,
2017-07-11,15,-2.0,
2017-07-12,17,2.0,
2017-07-13,18,1.0,
2017-07-14,14,-4.0,0.33693725196609003
2017-07-15,7,-7.0,
2017-07-16,2,-5.0,
2017-07-17,7,5.0,
2017-07-18,14,7.0,
2017-07-19,9,-5.0,0.6116913871323257
2017-07-20,7,-2.0,
2017-07-21,9,2.0,
2017-07-22,5,-4.0,
2017-07-23,3,-2.0,
2017-07-24,15,12.0,0.9965721046139442
2017-07-25,58,43.0,
2017-07-26,35,-23.0,
2017-07-27,23,-12.0,
2017-07-28,9,-14.0,
2017-07-29,7,-2.0,0.2632114092763629
2017-07-30,8,1.0,
2017-07-31,21,13.0,
2017-08-01,18,-3.0,
2017-08-02,10,-8.0,
2017-08-03,17,7.0,0.023169397307288647
2017-08-04,16,-1.0,
2017-08-05,9,-7.0,
2017-08-06,4,-5.0,
2017-08-07,10,6.0,
2017-08-08,10,0.0,0.012968119506923146
2017-08-09,17,7.0,
2017-08-10,14,-3.0,
2017-08-11,12,-2.0,
2017-08-12,5,-7.0,
2017-08-13,3,-2.0,0.010656720737265703
2017-08-14,7,4.0,
2017-08-15,8,1.0,
2017-08-16,12,4.0,
2017-08-17,6,-6.0,
2017-08-18,11,5.0,0.014812934399672628
2017-08-19,3,-8.0,
2017-08-20,4,1.0,
2017-08-21,7,3.0,
2017-08-22,6,-1.0,
2017-08-23,14,8.0,0.0233322229070245
2017-08-24,5,-9.0,
2017-08-25,7,2.0,
2017-08-26,4,-3.0,
2017-08-27,7,3.0,
2017-08-28,11,4.0,0.01329932461635979
2017-08-29,7,-4.0,
2017-08-30,14,7.0,
2017-08-31,12,-2.0,
2017-09-01,9,-3.0,
2017-09-02,5,-4.0,0.009254427238206967
2017-09-03,4,-1.0,
2017-09-04,4,0.0,
2017-09-05,7,3.0,
2017-09-06,8,1.0,
2017-09-07,5,-3.0,0.008083670909297416
2017-09-08,5,0.0,
2017-09-09,5,0.0,
2017-09-10,3,-2.0,
2017-09-11,5,2.0,
2017-09-12,8,3.0,0.00587368826479942
2017-09-13,9,1.0,
2017-09-14,7,-2.0,
2017-09-15,9,2.0,
2017-09-16,3,-6.0,
2017-09-17,4,1.0,0.5145358275946286
2017-09-18,5,1.0,
2017-09-19,4,-1.0,
2017-09-20,28,24.0,
2017-09-21,29,1.0,
2017-09-22,6,-23.0,0.9999993371451147
2017-09-23,6,0.0,
2017-09-24,2,-4.0,
2017-09-25,9,7.0,
2017-09-26,15,6.0,
2017-09-27,8,-7.0,0.07710195622878568
2017-09-28,4,-4.0,
2017-09-29,5,1.0,
2017-09-30,4,-1.0,
2017-10-01,4,0.0,
2017-10-02,3,-1.0,0.019578107674672846
2017-10-03,12,9.0,
2017-10-04,3,-9.0,
2017-10-05,3,0.0,
2017-10-06,4,1.0,
2017-10-07,4,0.0,0.09415131845524254
2017-10-08,3,-1.0,
2017-10-09,11,8.0,
2017-10-10,6,-5.0,
2017-10-11,7,1.0,
2017-10-12,13,6.0,0.07330792421875396
2017-10-13,8,-5.0,
2017-10-14,4,-4.0,
2017-10-15,2,-2.0,
2017-10-16,9,7.0,
2017-10-17,7,-2.0,0.11897857378753036
2017-10-18,13,6.0,
2017-10-19,8,-5.0,
2017-10-20,4,-4.0,
2017-10-21,9,5.0,
2017-10-22,3,-6.0,0.034171855222121746
2017-10-23,16,13.0,
2017-10-24,44,28.0,
2017-10-25,31,-13.0,
2017-10-26,25,-6.0,
2017-10-27,22,-3.0,0.14236803144503993
2017-10-28,13,-9.0,
2017-10-29,3,-10.0,
2017-10-30,21,18.0,
2017-10-31,19,-2.0,
2017-11-01,18,-1.0,0.08833308337566727
2017-11-02,9,-9.0,
2017-11-03,6,-3.0,
2017-11-04,5,-1.0,
2017-11-05,3,-2.0,
2017-11-06,19,16.0,0.9999999999996633
2017-11-07,14,-5.0,
2017-11-08,20,6.0,
2017-11-09,25,5.0,
2017-11-10,12,-13.0,
2017-11-11,5,-7.0,0.1383610888985407
2017-11-12,11,6.0,
2017-11-13,14,3.0,
2017-11-14,20,6.0,
2017-11-15,17,-3.0,
2017-11-16,11,-6.0,0.18972643555066282
2017-11-17,13,2.0,
2017-11-18,5,-8.0,
2017-11-19,3,-2.0,
2017-11-20,7,4.0,
2017-11-21,9,2.0,0.005701875490591339
2017-11-22,11,2.0,
2017-11-23,8,-3.0,
2017-11-24,9,1.0,
2017-11-25,4,-5.0,
2017-11-26,4,0.0,0.001375464593164257
2017-11-27,6,2.0,
2017-11-28,15,9.0,
2017-11-29,17,2.0,
2017-11-30,11,-6.0,
2017-12-01,11,0.0,0.001700823705243793
2017-12-02,10,-1.0,
2017-12-03,3,-7.0,
2017-12-04,19,16.0,
2017-12-05,16,-3.0,
2017-12-06,12,-4.0,0.0004958714500895733
2017-12-07,9,-3.0,
2017-12-08,14,5.0,
2017-12-09,11,-3.0,
2017-12-10,4,-7.0,
2017-12-11,10,6.0,0.05224627453024209
2017-12-12,10,0.0,
2017-12-13,13,3.0,
2017-12-14,13,0.0,
2017-12-15,12,-1.0,
2017-12-16,2,-10.0,4.667635668283892e-174
2017-12-17,5,3.0,
2017-12-18,12,7.0,
2017-12-19,7,-5.0,
2017-12-20,16,9.0,
2017-12-21,12,-4.0,5.3379156350124766e-09
2017-12-22,14,2.0,
2017-12-23,4,-10.0,
2017-12-24,1,-3.0,
2017-12-25,1,0.0,
2017-12-26,6,5.0,0.999996671413385
2017-12-27,4,-2.0,
2017-12-28,4,0.0,
2017-12-29,8,4.0,
2017-12-30,7,-1.0,
2017-12-31,6,-1.0,1.214255718925531e-06
2018-01-01,2,-4.0,
2018-01-02,16,14.0,
2018-01-03,48,32.0,
2018-01-04,40,-8.0,
2018-01-05,25,-15.0,0.9490987028153731
2018-01-06,13,-12.0,
2018-01-07,13,0.0,
2018-01-08,21,8.0,
2018-01-09,21,0.0,
2018-01-10,24,3.0,0.05161145257676743
2018-01-11,13,-11.0,
2018-01-12,24,11.0,
2018-01-13,12,-12.0,
2018-01-14,3,-9.0,
2018-01-15,8,5.0,0.006614109525000344
2018-01-16,10,2.0,
2018-01-17,12,2.0,
2018-01-18,14,2.0,
2018-01-19,12,-2.0,
2018-01-20,8,-4.0,0.0007731503652905896
2018-01-21,4,-4.0,
2018-01-22,10,6.0,
2018-01-23,13,3.0,
2018-01-24,8,-5.0,
2018-01-25,9,1.0,0.0295703396733841
2018-01-26,11,2.0,
2018-01-27,4,-7.0,
2018-01-28,12,8.0,
2018-01-29,13,1.0,
2018-01-30,24,11.0,0.16638337517902468
2018-01-31,31,7.0,
2018-02-01,13,-18.0,
2018-02-02,9,-4.0,
2018-02-03,3,-6.0,
2018-02-04,5,2.0,0.27579583298518395
2018-02-05,10,5.0,
2018-02-06,7,-3.0,
2018-02-07,7,0.0,
2018-02-08,5,-2.0,
2018-02-09,7,2.0,0.06625931405449866
2018-02-10,3,-4.0,
2018-02-11,3,0.0,
2018-02-12,10,7.0,
2018-02-13,4,-6.0,
2018-02-14,5,1.0,0.10894562499327592
2018-02-15,3,-2.0,
2018-02-16,3,0.0,
2018-02-17,5,2.0,
2018-02-18,4,-1.0,
2018-02-19,3,-1.0,0.03645319304107191
2018-02-20,3,0.0,
2018-02-21,6,3.0,
2018-02-22,9,3.0,
2018-02-23,2,-7.0,
2018-02-24,4,2.0,3.8101713939885463e-10
2018-02-25,3,-1.0,
2018-02-26,6,3.0,
2018-02-27,14,8.0,
2018-02-28,8,-6.0,
2018-03-01,4,-4.0,0.2739984774109236
2018-03-02,12,8.0,
2018-03-03,2,-10.0,
2018-03-04,3,1.0,
2018-03-05,5,2.0,
2018-03-06,12,7.0,1.0
2018-03-07,11,-1.0,
2018-03-08,6,-5.0,
2018-03-09,8,2.0,
2018-03-10,0,-8.0,
2018-03-11,1,1.0,0.3228569121215732
2018-03-12,5,4.0,
2018-03-13,11,6.0,
2018-03-14,10,-1.0,
2018-03-15,11,1.0,
2018-03-16,9,-2.0,0.9973458099446284
2018-03-17,4,-5.0,
2018-03-18,7,3.0,
2018-03-19,7,0.0,
2018-03-20,11,4.0,
2018-03-21,9,-2.0,0.34245077132041546
2018-03-22,10,1.0,
2018-03-23,13,3.0,
2018-03-24,4,-9.0,
2018-03-25,5,1.0,
2018-03-26,14,9.0,0.9999999512302049
2018-03-27,17,3.0,
2018-03-28,12,-5.0,
2018-03-29,10,-2.0,
2018-03-30,4,-6.0,
2018-03-31,8,4.0,0.6311519689559604
2018-04-01,7,-1.0,
2018-04-02,13,6.0,
2018-04-03,14,1.0,
2018-04-04,12,-2.0,
2018-04-05,5,-7.0,1.0000000000000002
2018-04-06,8,3.0,
2018-04-07,4,-4.0,
2018-04-08,4,0.0,
2018-04-09,9,5.0,
2018-04-10,8,-1.0,0.604515449933933
2018-04-11,13,5.0,
2018-04-12,11,-2.0,
2018-04-13,9,-2.0,
2018-04-14,2,-7.0,
2018-04-15,2,0.0,0.3126127504643783
2018-04-16,10,8.0,
2018-04-17,12,2.0,
2018-04-18,13,1.0,
2018-04-19,16,3.0,
2018-04-20,6,-10.0,0.9995545392685334
2018-04-21,4,-2.0,
2018-04-22,5,1.0,
2018-04-23,19,14.0,
2018-04-24,9,-10.0,
2018-04-25,23,14.0,0.9999999919546151
2018-04-26,26,3.0,
2018-04-27,10,-16.0,
2018-04-28,2,-8.0,
2018-04-29,3,1.0,
2018-04-30,7,4.0,0.8268765876223296
2018-05-01,6,-1.0,
2018-05-02,11,5.0,
2018-05-03,11,0.0,
2018-05-04,7,-4.0,
2018-05-05,7,0.0,0.16327838238050854
2018-05-06,0,-7.0,
2018-05-07,11,11.0,
2018-05-08,9,-2.0,
2018-05-09,9,0.0,
2018-05-10,10,1.0,0.3618119389388338
2018-05-11,3,-7.0,
2018-05-12,4,1.0,
2018-05-13,4,0.0,
2018-05-14,15,11.0,
2018-05-15,17,2.0,0.2221530407937017
2018-05-16,8,-9.0,
2018-05-17,10,2.0,
2018-05-18,12,2.0,
2018-05-19,7,-5.0,
2018-05-20,6,-1.0,0.1825572840103337
2018-05-21,9,3.0,
2018-05-22,22,13.0,
2018-05-23,14,-8.0,
2018-05-24,13,-1.0,
2018-05-25,7,-6.0,0.9998623475665276
2018-05-26,4,-3.0,
2018-05-27,4,0.0,
2018-05-28,5,1.0,
2018-05-29,7,2.0,
2018-05-30,14,7.0,0.9997421419235328
2018-05-31,6,-8.0,
2018-06-01,18,12.0,
2018-06-02,8,-10.0,
2018-06-03,8,0.0,
2018-06-04,13,5.0,0.99343929668351
2018-06-05,16,3.0,
2018-06-06,29,13.0,
2018-06-07,13,-16.0,
2018-06-08,14,1.0,
2018-06-09,10,-4.0,0.999108971374309
2018-06-10,4,-6.0,
2018-06-11,17,13.0,
2018-06-12,16,-1.0,
2018-06-13,15,-1.0,
2018-06-14,14,-1.0,0.46108797375034416
2018-06-15,15,1.0,
2018-06-16,1,-14.0,
2018-06-17,2,1.0,
2018-06-18,18,16.0,
2018-06-19,8,-10.0,1.0
2018-06-20,19,11.0,
2018-06-21,15,-4.0,
2018-06-22,10,-5.0,
2018-06-23,7,-3.0,
2018-06-24,5,-2.0,0.756620009121097
2018-06-25,12,7.0,
2018-06-26,13,1.0,
2018-06-27,11,-2.0,
2018-06-28,5,-6.0,
2018-06-29,6,1.0,0.3006542759143104
2018-06-30,7,1.0,
2018-07-01,2,-5.0,
2018-07-02,5,3.0,
2018-07-03,7,2.0,
2018-07-04,6,-1.0,0.49327871773214804
2018-07-05,10,4.0,
2018-07-06,6,-4.0,
2018-07-07,5,-1.0,
2018-07-08,1,-4.0,
2018-07-09,8,7.0,0.8902834563900818
2018-07-10,9,1.0,
2018-07-11,6,-3.0,
2018-07-12,11,5.0,
2018-07-13,6,-5.0,
2018-07-14,3,-3.0,0.10510051821449792
2018-07-15,3,0.0,
2018-07-16,11,8.0,
2018-07-17,5,-6.0,
2018-07-18,8,3.0,
2018-07-19,10,2.0,0.08091339154571636
2018-07-20,5,-5.0,
2018-07-21,4,-1.0,
2018-07-22,3,-1.0,
2018-07-23,11,8.0,
2018-07-24,9,-2.0,0.22543989684007854
2018-07-25,20,11.0,
2018-07-26,27,7.0,
2018-07-27,18,-9.0,
2018-07-28,5,-13.0,
2018-07-29,2,-3.0,0.32769403109459794
2018-07-30,17,15.0,
2018-07-31,9,-8.0,
2018-08-01,7,-2.0,
2018-08-02,6,-1.0,
2018-08-03,10,4.0,0.9200260103731064
2018-08-04,5,-5.0,
2018-08-05,3,-2.0,
2018-08-06,8,5.0,
2018-08-07,9,1.0,
2018-08-08,6,-3.0,0.35732949902055494
2018-08-09,6,0.0,
2018-08-10,8,2.0,
2018-08-11,2,-6.0,
2018-08-12,2,0.0,
2018-08-13,7,5.0,0.9422497128250592
2018-08-14,7,0.0,
2018-08-15,4,-3.0,
2018-08-16,6,2.0,
2018-08-17,4,-2.0,
2018-08-18,0,-4.0,0.592947825329765
2018-08-19,2,2.0,
2018-08-20,6,4.0,
2018-08-21,9,3.0,
2018-08-22,6,-3.0,
2018-08-23,25,19.0,0.99999995668814
2018-08-24,35,10.0,
2018-08-25,8,-27.0,
2018-08-26,6,-2.0,
2018-08-27,50,44.0,
2018-08-28,24,-26.0,0.9999999999106075
2018-08-29,14,-10.0,
2018-08-30,10,-4.0,
2018-08-31,11,1.0,
2018-09-01,4,-7.0,
2018-09-02,4,0.0,0.05840285016836347
2018-09-03,4,0.0,
2018-09-04,17,13.0,
2018-09-05,21,4.0,
2018-09-06,12,-9.0,
2018-09-07,6,-6.0,0.5559716402507381
2018-09-08,2,-4.0,
2018-09-09,3,1.0,
2018-09-10,22,19.0,
2018-09-11,16,-6.0,
2018-09-12,18,2.0,0.3370873288358556
2018-09-13,22,4.0,
2018-09-14,19,-3.0,
2018-09-15,12,-7.0,
2018-09-16,9,-3.0,
2018-09-17,12,3.0,0.06105743531091814
2018-09-18,14,2.0,
2018-09-19,8,-6.0,
2018-09-20,12,4.0,
2018-09-21,10,-2.0,
2018-09-22,3,-7.0,0.05860948843542868
2018-09-23,2,-1.0,
2018-09-24,19,17.0,
2018-09-25,11,-8.0,
2018-09-26,9,-2.0,
2018-09-27,15,6.0,0.19163121517241855
2018-09-28,8,-7.0,
2018-09-29,3,-5.0,
2018-09-30,4,1.0,
2018-10-01,10,6.0,
2018-10-02,11,1.0,0.06515930793854055
2018-10-03,18,7.0,
2018-10-04,15,-3.0,
2018-10-05,11,-4.0,
2018-10-06,4,-7.0,
2018-10-07,1,-3.0,0.048979638605077994
2018-10-08,7,6.0,
2018-10-09,15,8.0,
2018-10-10,13,-2.0,
2018-10-11,15,2.0,
2018-10-12,3,-12.0,0.24246984906326935
2018-10-13,4,1.0,
2018-10-14,1,-3.0,
2018-10-15,6,5.0,
2018-10-16,7,1.0,
2018-10-17,5,-2.0,8.190612526654071e-15
2018-10-18,8,3.0,
2018-10-19,13,5.0,
2018-10-20,6,-7.0,
2018-10-21,5,-1.0,
2018-10-22,21,16.0,0.9869541614887614
2018-10-23,22,1.0,
2018-10-24,21,-1.0,
2018-10-25,35,14.0,
2018-10-26,10,-25.0,
2018-10-27,6,-4.0,0.11367829003387327
2018-10-28,4,-2.0,
2018-10-29,15,11.0,
2018-10-30,14,-1.0,
2018-10-31,5,-9.0,
2018-11-01,12,7.0,0.9999999999999998
2018-11-02,11,-1.0,
2018-11-03,2,-9.0,
2018-11-04,1,-1.0,
2018-11-05,11,10.0,
2018-11-06,23,12.0,1.0
2018-11-07,11,-12.0,
2018-11-08,7,-4.0,
2018-11-09,7,0.0,
2018-11-10,5,-2.0,
2018-11-11,5,0.0,0.6225863374095446
2018-11-12,9,4.0,
2018-11-13,15,6.0,
2018-11-14,9,-6.0,
2018-11-15,7,-2.0,
2018-11-16,7,0.0,0.7321326694446776
2018-11-17,3,-4.0,
2018-11-18,2,-1.0,
2018-11-19,9,7.0,
2018-11-20,9,0.0,
2018-11-21,6,-3.0,0.5179356146301894
2018-11-22,4,-2.0,
2018-11-23,8,4.0,
2018-11-24,1,-7.0,
2018-11-25,1,0.0,
2018-11-26,5,4.0,0.9999998715054392
2018-11-27,8,3.0,
2018-11-28,8,0.0,
2018-11-29,15,7.0,
2018-11-30,10,-5.0,
2018-12-01,7,-3.0,0.689823596194676
2018-12-02,3,-4.0,
2018-12-03,19,16.0,
2018-12-04,7,-12.0,
2018-12-05,5,-2.0,
2018-12-06,7,2.0,0.9979268260141648
2018-12-07,11,4.0,
2018-12-08,3,-8.0,
2018-12-09,4,1.0,
2018-12-10,6,2.0,
2018-12-11,9,3.0,0.9986561372973177
2018-12-12,10,1.0,
2018-12-13,4,-6.0,
2018-12-14,5,1.0,
2018-12-15,3,-2.0,
2018-12-16,1,-2.0,0.5364831146976957
2018-12-17,2,1.0,
2018-12-18,7,5.0,
2018-12-19,9,2.0,
2018-12-20,6,-3.0,
2018-12-21,6,0.0,0.05985128804715665
2018-12-22,0,-6.0,
2018-12-23,5,5.0,
2018-12-24,4,-1.0,
2018-12-25,3,-1.0,
2018-12-26,2,-1.0,0.043256495019064464
2018-12-27,6,4.0,
2018-12-28,5,-1.0,
2018-12-29,4,-1.0,
2018-12-30,4,0.0,
2018-12-31,6,2.0,0.019512326890976095
2019-01-01,4,-2.0,
2019-01-02,10,6.0,
2019-01-03,8,-2.0,
2019-01-04,5,-3.0,
2019-01-05,5,0.0,0.016989000472209713
2019-01-06,7,2.0,
2019-01-07,14,7.0,
2019-01-08,15,1.0,
2019-01-09,19,4.0,
2019-01-10,9,-10.0,0.5595083110729151
2019-01-11,14,5.0,
2019-01-12,9,-5.0,
2019-01-13,8,-1.0,
2019-01-14,13,5.0,
2019-01-15,12,-1.0,0.047427732007036726
2019-01-16,11,-1.0,
2019-01-17,16,5.0,
2019-01-18,12,-4.0,
2019-01-19,5,-7.0,
2019-01-20,6,1.0,0.057593706409272076
2019-01-21,6,0.0,
2019-01-22,7,1.0,
2019-01-23,7,0.0,
2019-01-24,12,5.0,
2019-01-25,15,3.0,0.9642032917448037
2019-01-26,4,-11.0,
2019-01-27,2,-2.0,
2019-01-28,15,13.0,
2019-01-29,13,-2.0,
2019-01-30,23,10.0,0.9999999999999998
2019-01-31,13,-10.0,
2019-02-01,8,-5.0,
2019-02-02,5,-3.0,
2019-02-03,1,-4.0,
2019-02-04,6,5.0,1.0
2019-02-05,6,0.0,
2019-02-06,7,1.0,
2019-02-07,2,-5.0,
2019-02-08,4,2.0,
2019-02-09,4,0.0,1.0
2019-02-10,3,-1.0,
2019-02-11,8,5.0,
2019-02-12,7,-1.0,
2019-02-13,4,-3.0,
2019-02-14,5,1.0,0.654600924260725
2019-02-15,6,1.0,
2019-02-16,1,-5.0,
2019-02-17,3,2.0,
2019-02-18,5,2.0,
2019-02-19,9,4.0,0.9999999990866442
2019-02-20,7,-2.0,
2019-02-21,5,-2.0,
2019-02-22,10,5.0,
2019-02-23,4,-6.0,
2019-02-24,6,2.0,0.982653470518192
2019-02-25,6,0.0,
2019-02-26,12,6.0,
2019-02-27,7,-5.0,
2019-02-28,5,-2.0,
2019-03-01,6,1.0,0.6909673634336778
2019-03-02,7,1.0,
2019-03-03,2,-5.0,
2019-03-04,8,6.0,
2019-03-05,5,-3.0,
2019-03-06,5,0.0,1.0
2019-03-07,7,2.0,
2019-03-08,3,-4.0,
2019-03-09,3,0.0,
2019-03-10,2,-1.0,
2019-03-11,5,3.0,1.0
2019-03-12,2,-3.0,
2019-03-13,8,6.0,
2019-03-14,3,-5.0,
2019-03-15,5,2.0,
2019-03-16,1,-4.0,0.017549532698211658
2019-03-17,5,4.0,
2019-03-18,6,1.0,
2019-03-19,24,18.0,
2019-03-20,9,-15.0,
2019-03-21,15,6.0,0.9002262552728428
2019-03-22,13,-2.0,
2019-03-23,8,-5.0,
2019-03-24,11,3.0,
2019-03-25,10,-1.0,
2019-03-26,6,-4.0,0.01662635854775752
2019-03-27,4,-2.0,
2019-03-28,4,0.0,
2019-03-29,6,2.0,
2019-03-30,6,0.0,
2019-03-31,3,-3.0,0.011907514043113417
2019-04-01,13,10.0,
2019-04-02,13,0.0,
2019-04-03,15,2.0,
2019-04-04,7,-8.0,
2019-04-05,7,0.0,0.029692692217867397
2019-04-06,2,-5.0,
2019-04-07,2,0.0,
2019-04-08,7,5.0,
2019-04-09,8,1.0,
2019-04-10,8,0.0,0.014954447142814058
2019-04-11,9,1.0,
2019-04-12,6,-3.0,
2019-04-13,5,-1.0,
2019-04-14,1,-4.0,
2019-04-15,7,6.0,0.06271130386763708
2019-04-16,17,10.0,
2019-04-17,7,-10.0,
2019-04-18,6,-1.0,
2019-04-19,5,-1.0,
2019-04-20,3,-2.0,0.07016620730505545
2019-04-21,4,1.0,
2019-04-22,6,2.0,
2019-04-23,7,1.0,
2019-04-24,12,5.0,
2019-04-25,5,-7.0,0.3521666581994042
2019-04-26,9,4.0,
2019-04-27,3,-6.0,
2019-04-28,2,-1.0,
2019-04-29,8,6.0,
2019-04-30,16,8.0,0.313003570705215
2019-05-01,28,12.0,
2019-05-02,9,-19.0,
2019-05-03,6,-3.0,
2019-05-04,3,-3.0,
2019-05-05,6,3.0,0.19517549961589178
2019-05-06,8,2.0,
2019-05-07,15,7.0,
2019-05-08,14,-1.0,
2019-05-09,11,-3.0,
2019-05-10,12,1.0,0.12811877277869133
2019-05-11,10,-2.0,
2019-05-12,5,-5.0,
2019-05-13,8,3.0,
2019-05-14,13,5.0,
2019-05-15,13,0.0,0.4202126062876292
2019-05-16,19,6.0,
2019-05-17,9,-10.0,
2019-05-18,9,0.0,
2019-05-19,9,0.0,
2019-05-20,10,1.0,0.5070897203275032
2019-05-21,12,2.0,
2019-05-22,4,-8.0,
2019-05-23,12,8.0,
2019-05-24,5,-7.0,
2019-05-25,12,7.0,0.9999783906843105
2019-05-26,9,-3.0,
2019-05-27,33,24.0,
2019-05-28,32,-1.0,
2019-05-29,20,-12.0,
2019-05-30,6,-14.0,0.9877639070205357
2019-05-31,9,3.0,
2019-06-01,8,-1.0,
2019-06-02,6,-2.0,
2019-06-03,15,9.0,
2019-06-04,13,-2.0,0.5952833555522351
2019-06-05,16,3.0,
2019-06-06,25,9.0,
2019-06-07,24,-1.0,
2019-06-08,16,-8.0,
2019-06-09,17,1.0,0.3952775468818084
2019-06-10,23,6.0,
2019-06-11,17,-6.0,
2019-06-12,17,0.0,
2019-06-13,9,-8.0,
2019-06-14,10,1.0,0.35281866107276905
2019-06-15,8,-2.0,
2019-06-16,2,-6.0,
2019-06-17,7,5.0,
2019-06-18,12,5.0,
2019-06-19,14,2.0,0.44302711020236957
2019-06-20,12,-2.0,
2019-06-21,7,-5.0,
2019-06-22,8,1.0,
2019-06-23,4,-4.0,
2019-06-24,12,8.0,0.9999851077351678
2019-06-25,11,-1.0,
2019-06-26,9,-2.0,
2019-06-27,14,5.0,
2019-06-28,16,2.0,
2019-06-29,7,-9.0,0.99999886717386
2019-06-30,7,0.0,
2019-07-01,8,1.0,
2019-07-02,14,6.0,
2019-07-03,9,-5.0,
2019-07-04,5,-4.0,0.9455497202212685
2019-07-05,10,5.0,
2019-07-06,4,-6.0,
2019-07-07,22,18.0,
2019-07-08,14,-8.0,
2019-07-09,16,2.0,0.5394157419942152
2019-07-10,14,-2.0,
2019-07-11,17,3.0,
2019-07-12,10,-7.0,
2019-07-13,4,-6.0,
2019-07-14,5,1.0,1.7235268035256214e-11
2019-07-15,12,7.0,
2019-07-16,10,-2.0,
2019-07-17,9,-1.0,
2019-07-18,15,6.0,
2019-07-19,13,-2.0,1.1256938703005173e-14
2019-07-20,5,-8.0,
2019-07-21,5,0.0,
2019-07-22,5,0.0,
2019-07-23,13,8.0,
2019-07-24,10,-3.0,0.014038694083150574
2019-07-25,13,3.0,
2019-07-26,13,0.0,
2019-07-27,5,-8.0,
2019-07-28,5,0.0,
2019-07-29,8,3.0,1.0000000000000002
2019-07-30,32,24.0,
2019-07-31,24,-8.0,
2019-08-01,19,-5.0,
2019-08-02,18,-1.0,
2019-08-03,9,-9.0,5.709538285949397e-23
2019-08-04,4,-5.0,
2019-08-05,14,10.0,
2019-08-06,20,6.0,
2019-08-07,56,36.0,
2019-08-08,48,-8.0,6.526466304758291e-10
2019-08-09,26,-22.0,
2019-08-10,14,-12.0,
2019-08-11,7,-7.0,
2019-08-12,10,3.0,
2019-08-13,15,5.0,0.11493650941419499
2019-08-14,19,4.0,
2019-08-15,24,5.0,
2019-08-16,15,-9.0,
2019-08-17,18,3.0,
2019-08-18,8,-10.0,0.11452939933262425
2019-08-19,12,4.0,
2019-08-20,12,0.0,
2019-08-21,13,1.0,
2019-08-22,6,-7.0,
2019-08-23,8,2.0,0.06768481028471
2019-08-24,2,-6.0,
2019-08-25,3,1.0,
2019-08-26,9,6.0,
2019-08-27,12,3.0,
2019-08-28,6,-6.0,0.03685372288735041
2019-08-29,12,6.0,
2019-08-30,10,-2.0,
2019-08-31,6,-4.0,
2019-09-01,2,-4.0,
2019-09-02,3,1.0,0.024782834251267448
2019-09-03,5,2.0,
2019-09-04,5,0.0,
2019-09-05,9,4.0,
2019-09-06,4,-5.0,
2019-09-07,4,0.0,0.02369026176437509
2019-09-08,4,0.0,
2019-09-09,5,1.0,
2019-09-10,17,12.0,
2019-09-11,10,-7.0,
2019-09-12,12,2.0,0.05741890779020124
2019-09-13,16,4.0,
2019-09-14,2,-14.0,
2019-09-15,8,6.0,
2019-09-16,10,2.0,
2019-09-17,11,1.0,0.04392018378855028
2019-09-18,13,2.0,
2019-09-19,3,-10.0,
2019-09-20,13,10.0,
2019-09-21,6,-7.0,
2019-09-22,1,-5.0,0.032392518133383806
2019-09-23,15,14.0,
2019-09-24,11,-4.0,
2019-09-25,18,7.0,
2019-09-26,8,-10.0,
2019-09-27,10,2.0,0.3105516340876565
2019-09-28,5,-5.0,
2019-09-29,4,-1.0,
2019-09-30,6,2.0,
2019-10-01,21,15.0,
2019-10-02,15,-6.0,1.0
2019-10-03,16,1.0,
2019-10-04,15,-1.0,
2019-10-05,5,-10.0,
2019-10-06,2,-3.0,
2019-10-07,8,6.0,0.9999999999999803
2019-10-08,8,0.0,
2019-10-09,8,0.0,
2019-10-10,13,5.0,
2019-10-11,7,-6.0,
2019-10-12,2,-5.0,0.9999999998592851
2019-10-13,1,-1.0,
2019-10-14,10,9.0,
2019-10-15,15,5.0,
2019-10-16,10,-5.0,
2019-10-17,17,7.0,1.0
2019-10-18,6,-11.0,
2019-10-19,8,2.0,
2019-10-20,2,-6.0,
2019-10-21,11,9.0,
2019-10-22,12,1.0,0.4460121030439194
2019-10-23,10,-2.0,
2019-10-24,15,5.0,
2019-10-25,15,0.0,
2019-10-26,8,-7.0,
2019-10-27,8,0.0,0.5589373049593525
2019-10-28,20,12.0,
2019-10-29,22,2.0,
2019-10-30,26,4.0,
2019-10-31,12,-14.0,
2019-11-01,11,-1.0,1.0
2019-11-02,7,-4.0,
2019-11-03,9,2.0,
2019-11-04,17,8.0,
2019-11-05,8,-9.0,
2019-11-06,11,3.0,0.9973074671020411
2019-11-07,17,6.0,
2019-11-08,8,-9.0,
2019-11-09,4,-4.0,
2019-11-10,4,0.0,
2019-11-11,4,0.0,1.725159565419311e-16
2019-11-12,13,9.0,
2019-11-13,16,3.0,
2019-11-14,14,-2.0,
2019-11-15,12,-2.0,
2019-11-16,7,-5.0,1.0
2019-11-17,9,2.0,
2019-11-18,22,13.0,
2019-11-19,18,-4.0,
2019-11-20,14,-4.0,
2019-11-21,25,11.0,1.0
2019-11-22,6,-19.0,
2019-11-23,7,1.0,
2019-11-24,2,-5.0,
2019-11-25,17,15.0,
2019-11-26,8,-9.0,0.946783802435666
2019-11-27,10,2.0,
2019-11-28,10,0.0,
2019-11-29,4,-6.0,
2019-11-30,4,0.0,
2019-12-01,3,-1.0,0.8011516694529204
2019-12-02,7,4.0,
2019-12-03,13,6.0,
2019-12-04,7,-6.0,
2019-12-05,8,1.0,
2019-12-06,4,-4.0,0.9997541341343823
2019-12-07,13,9.0,
2019-12-08,2,-11.0,
2019-12-09,12,10.0,
2019-12-10,16,4.0,
2019-12-11,8,-8.0,1.0
2019-12-12,14,6.0,
2019-12-13,7,-7.0,
2019-12-14,7,0.0,
2019-12-15,1,-6.0,
2019-12-16,9,8.0,0.9984008118656982
2019-12-17,8,-1.0,
2019-12-18,10,2.0,
2019-12-19,4,-6.0,
2019-12-20,14,10.0,
2019-12-21,5,-9.0,0.022166670866676893
2019-12-22,2,-3.0,
2019-12-23,9,7.0,
2019-12-24,4,-5.0,
2019-12-25,7,3.0,
2019-12-26,9,2.0,0.6146570456178967
2019-12-27,8,-1.0,
2019-12-28,10,2.0,
2019-12-29,6,-4.0,
2019-12-30,10,4.0,
2019-12-31,7,-3.0,0.16181485340355603
2020-01-01,13,6.0,
2020-01-02,21,8.0,
2020-01-03,21,0.0,
2020-01-04,4,-17.0,
2020-01-05,16,12.0,0.974468126046738
2020-01-06,27,11.0,
2020-01-07,21,-6.0,
2020-01-08,20,-1.0,
2020-01-09,11,-9.0,
2020-01-10,14,3.0,0.0005332864289319594
2020-01-11,4,-10.0,
2020-01-12,3,-1.0,
2020-01-13,12,9.0,
2020-01-14,14,2.0,
2020-01-15,8,-6.0,0.9561551435244926
2020-01-16,30,22.0,
2020-01-17,14,-16.0,
2020-01-18,9,-5.0,
2020-01-19,9,0.0,
2020-01-20,7,-2.0,0.17251418709235233
2020-01-21,13,6.0,
2020-01-22,12,-1.0,
2020-01-23,12,0.0,
2020-01-24,18,6.0,
2020-01-25,4,-14.0,0.6211924918647861
2020-01-26,6,2.0,
2020-01-27,17,11.0,
2020-01-28,19,2.0,
2020-01-29,31,12.0,
2020-01-30,12,-19.0,0.9999922396295919
2020-01-31,6,-6.0,
2020-02-01,8,2.0,
2020-02-02,16,8.0,
2020-02-03,6,-10.0,
2020-02-04,15,9.0,1.0
2020-02-05,15,0.0,
2020-02-06,21,6.0,
2020-02-07,13,-8.0,
2020-02-08,1,-12.0,
2020-02-09,11,10.0,0.03880192424673594
2020-02-10,11,0.0,
2020-02-11,13,2.0,
2020-02-12,10,-3.0,
2020-02-13,14,4.0,
2020-02-14,11,-3.0,0.9273736652780826
2020-02-15,6,-5.0,
2020-02-16,7,1.0,
2020-02-17,12,5.0,
2020-02-18,10,-2.0,
2020-02-19,13,3.0,0.6991718922779846
2020-02-20,12,-1.0,
2020-02-21,17,5.0,
2020-02-22,4,-13.0,
2020-02-23,6,2.0,
2020-02-24,18,12.0,0.9999999996433275
2020-02-25,13,-5.0,
2020-02-26,10,-3.0,
2020-02-27,10,0.0,
2020-02-28,6,-4.0,
2020-02-29,8,2.0,0.3745051884652147
2020-03-01,5,-3.0,
2020-03-02,11,6.0,
2020-03-03,10,-1.0,
2020-03-04,11,1.0,
2020-03-05,17,6.0,0.2758970615837658
2020-03-06,18,1.0,
2020-03-07,7,-11.0,
2020-03-08,9,2.0,
2020-03-09,7,-2.0,
2020-03-10,9,2.0,4.2098146016674e-16
2020-03-11,7,-2.0,
2020-03-12,11,4.0,
2020-03-13,14,3.0,
2020-03-14,6,-8.0,
2020-03-15,5,-1.0,1.0
2020-03-16,13,8.0,
2020-03-17,6,-7.0,
2020-03-18,11,5.0,
2020-03-19,10,-1.0,
2020-03-20,4,-6.0,0.9959603773241942
2020-03-21,4,0.0,
2020-03-22,6,2.0,
2020-03-23,8,2.0,
2020-03-24,10,2.0,
2020-03-25,6,-4.0,0.9742403032305742
2020-03-26,4,-2.0,
2020-03-27,5,1.0,
2020-03-28,4,-1.0,
2020-03-29,9,5.0,
2020-03-30,8,-1.0,0.21546675522595304
2020-03-31,6,-2.0,
2020-04-01,6,0.0,
2020-04-02,5,-1.0,
2020-04-03,7,2.0,
2020-04-04,3,-4.0,0.5294261260249363
2020-04-05,4,1.0,
2020-04-06,6,2.0,
2020-04-07,4,-2.0,
2020-04-08,3,-1.0,
2020-04-09,7,4.0,0.42383583888222054
2020-04-10,2,-5.0,
2020-04-11,3,1.0,
2020-04-12,6,3.0,
2020-04-13,4,-2.0,
2020-04-14,6,2.0,0.04125751914609291
2020-04-15,9,3.0,
2020-04-16,7,-2.0,
2020-04-17,3,-4.0,
2020-04-18,5,2.0,
2020-04-19,4,-1.0,0.27957368976699304
2020-04-20,6,2.0,
2020-04-21,11,5.0,
2020-04-22,9,-2.0,
2020-04-23,11,2.0,
2020-04-24,7,-4.0,0.8444081902637072
2020-04-25,4,-3.0,
2020-04-26,5,1.0,
2020-04-27,5,0.0,
2020-04-28,9,4.0,
2020-04-29,7,-2.0,0.9798151383825369
2020-04-30,6,-1.0,
2020-05-01,3,-3.0,
2020-05-02,5,2.0,
2020-05-03,8,3.0,
2020-05-04,3,-5.0,0.9956371659339689
2020-05-05,6,3.0,
2020-05-06,6,0.0,
2020-05-07,14,8.0,
2020-05-08,5,-9.0,
2020-05-09,6,1.0,0.17904079413735854
2020-05-10,10,4.0,
2020-05-11,5,-5.0,
2020-05-12,8,3.0,
2020-05-13,13,5.0,
2020-05-14,14,1.0,0.3860497355285466
2020-05-15,6,-8.0,
2020-05-16,6,0.0,
2020-05-17,6,0.0,
2020-05-18,5,-1.0,
2020-05-19,6,1.0,0.09297997889727863
2020-05-20,9,3.0,
2020-05-21,8,-1.0,
2020-05-22,10,2.0,
2020-05-23,4,-6.0,
2020-05-24,7,3.0,0.22552513690633233
2020-05-25,7,0.0,
2020-05-26,10,3.0,
2020-05-27,10,0.0,
2020-05-28,13,3.0,
2020-05-29,7,-6.0,0.9999999999999997
2020-05-30,6,-1.0,
2020-05-31,5,-1.0,
2020-06-01,12,7.0,
2020-06-02,11,-1.0,
2020-06-03,10,-1.0,0.3051051831156799
2020-06-04,12,2.0,
2020-06-05,10,-2.0,
2020-06-06,6,-4.0,
2020-06-07,11,5.0,
2020-06-08,16,5.0,0.050487183898343266
2020-06-09,13,-3.0,
2020-06-10,10,-3.0,
2020-06-11,16,6.0,
2020-06-12,10,-6.0,
2020-06-13,6,-4.0,0.886626486540672
2020-06-14,11,5.0,
2020-06-15,16,5.0,
2020-06-16,10,-6.0,
2020-06-17,17,7.0,
2020-06-18,18,1.0,0.4427606195981266
2020-06-19,11,-7.0,
2020-06-20,4,-7.0,
2020-06-21,6,2.0,
2020-06-22,16,10.0,
2020-06-23,8,-8.0,0.9467647368036187
2020-06-24,13,5.0,
2020-06-25,14,1.0,
2020-06-26,13,-1.0,
2020-06-27,6,-7.0,
2020-06-28,7,1.0,1.0
2020-06-29,11,4.0,
2020-06-30,6,-5.0,
2020-07-01,3,-3.0,
2020-07-02,12,9.0,
2020-07-03,10,-2.0,1.0
2020-07-04,6,-4.0,
2020-07-05,4,-2.0,
2020-07-06,8,4.0,
2020-07-07,17,9.0,
2020-07-08,11,-6.0,0.1980257660607202
2020-07-09,11,0.0,
2020-07-10,13,2.0,
2020-07-11,7,-6.0,
2020-07-12,9,2.0,
2020-07-13,9,0.0,1.0
2020-07-14,16,7.0,
2020-07-15,13,-3.0,
2020-07-16,11,-2.0,
2020-07-17,11,0.0,
2020-07-18,10,-1.0,3.881174320514054e-16
2020-07-19,3,-7.0,
2020-07-20,9,6.0,
2020-07-21,7,-2.0,
2020-07-22,32,25.0,
2020-07-23,19,-13.0,0.0
2020-07-24,44,25.0,
2020-07-25,13,-31.0,
2020-07-26,5,-8.0,
2020-07-27,20,15.0,
2020-07-28,32,12.0,0.9885770623730519
2020-07-29,29,-3.0,
2020-07-30,16,-13.0,
2020-07-31,16,0.0,
2020-08-01,10,-6.0,
2020-08-02,10,0.0,0.08408474980687243
2020-08-03,14,4.0,
2020-08-04,29,15.0,
2020-08-05,11,-18.0,
2020-08-06,14,3.0,
2020-08-07,8,-6.0,0.7512313079717072
2020-08-08,10,2.0,
2020-08-09,5,-5.0,
2020-08-10,9,4.0,
2020-08-11,25,16.0,
2020-08-12,15,-10.0,0.9827947342168292
2020-08-13,9,-6.0,
2020-08-14,4,-5.0,
2020-08-15,8,4.0,
2020-08-16,2,-6.0,
2020-08-17,6,4.0,0.10158837601361488
2020-08-18,8,2.0,
2020-08-19,8,0.0,
2020-08-20,8,0.0,
2020-08-21,9,1.0,
2020-08-22,10,1.0,0.043958571899906894
2020-08-23,9,-1.0,
2020-08-24,9,0.0,
2020-08-25,15,6.0,
2020-08-26,8,-7.0,
2020-08-27,11,3.0,0.0978990225343259
2020-08-28,7,-4.0,
2020-08-29,6,-1.0,
2020-08-30,3,-3.0,
2020-08-31,9,6.0,
2020-09-01,14,5.0,0.12094229866449735
2020-09-02,13,-1.0,
2020-09-03,12,-1.0,
2020-09-04,10,-2.0,
2020-09-05,10,0.0,
2020-09-06,2,-8.0,0.08270564033038656
2020-09-07,12,10.0,
2020-09-08,14,2.0,
2020-09-09,21,7.0,
2020-09-10,8,-13.0,
2020-09-11,6,-2.0,0.8383432843630179
2020-09-12,12,6.0,
2020-09-13,10,-2.0,
2020-09-14,12,2.0,
2020-09-15,22,10.0,
2020-09-16,10,-12.0,1.0
2020-09-17,15,5.0,
2020-09-18,11,-4.0,
2020-09-19,10,-1.0,
2020-09-20,8,-2.0,
2020-09-21,8,0.0,0.1817725295223664
2020-09-22,16,8.0,
2020-09-23,17,1.0,
2020-09-24,10,-7.0,
2020-09-25,10,0.0,
2020-09-26,13,3.0,0.9839277718648203
2020-09-27,7,-6.0,
2020-09-28,11,4.0,
2020-09-29,7,-4.0,
2020-09-30,12,5.0,
2020-10-01,12,0.0,0.7143075443402523
2020-10-02,14,2.0,
2020-10-03,4,-10.0,
2020-10-04,8,4.0,
2020-10-05,8,0.0,
2020-10-06,11,3.0,0.9831977130326705
2020-10-07,14,3.0,
2020-10-08,25,11.0,
2020-10-09,22,-3.0,
2020-10-10,14,-8.0,
2020-10-11,8,-6.0,1.0
2020-10-12,7,-1.0,
2020-10-13,25,18.0,
2020-10-14,7,-18.0,
2020-10-15,11,4.0,
2020-10-16,9,-2.0,0.5158418902669073
2020-10-17,6,-3.0,
2020-10-18,11,5.0,
2020-10-19,8,-3.0,
2020-10-20,12,4.0,
2020-10-21,20,8.0,0.9189032897493928
2020-10-22,14,-6.0,
2020-10-23,16,2.0,
2020-10-24,10,-6.0,
2020-10-25,6,-4.0,
2020-10-26,10,4.0,0.31010849190321754
2020-10-27,36,26.0,
2020-10-28,34,-2.0,
2020-10-29,22,-12.0,
2020-10-30,13,-9.0,
2020-10-31,15,2.0,0.08257070957863115
2020-11-01,8,-7.0,
2020-11-02,9,1.0,
2020-11-03,9,0.0,
2020-11-04,7,-2.0,
2020-11-05,24,17.0,0.9838631595875141
2020-11-06,15,-9.0,
2020-11-07,8,-7.0,
2020-11-08,4,-4.0,
2020-11-09,11,7.0,
2020-11-10,18,7.0,0.2580147645020841
2020-11-11,8,-10.0,
2020-11-12,17,9.0,
2020-11-13,6,-11.0,
2020-11-14,7,1.0,
2020-11-15,8,1.0,1.0604854481897203e-05
2020-11-16,20,12.0,
2020-11-17,12,-8.0,
2020-11-18,17,5.0,
2020-11-19,15,-2.0,
2020-11-20,13,-2.0,0.09462601429004289
2020-11-21,6,-7.0,
2020-11-22,8,2.0,
2020-11-23,5,-3.0,
2020-11-24,11,6.0,
2020-11-25,9,-2.0,0.06155477708654833
2020-11-26,12,3.0,
2020-11-27,3,-9.0,
2020-11-28,8,5.0,
2020-11-29,6,-2.0,
2020-11-30,10,4.0,0.9687892864069941
2020-12-01,13,3.0,
2020-12-02,15,2.0,
2020-12-03,14,-1.0,
2020-12-04,16,2.0,
2020-12-05,12,-4.0,2.811684615112794e-07
2020-12-06,6,-6.0,
2020-12-07,10,4.0,
2020-12-08,9,-1.0,
2020-12-09,7,-2.0,
2020-12-10,3,-4.0,2.477022536945879e-05
2020-12-11,7,4.0,
2020-12-12,5,-2.0,
2020-12-13,5,0.0,
2020-12-14,5,0.0,
2020-12-15,6,1.0,0.018797090021355163
2020-12-16,5,-1.0,
2020-12-17,13,8.0,
2020-12-18,10,-3.0,
2020-12-19,7,-3.0,
2020-12-20,6,-1.0,1.0
2020-12-21,12,6.0,
2020-12-22,12,0.0,
2020-12-23,7,-5.0,
2020-12-24,9,2.0,
2020-12-25,5,-4.0,1.0
2020-12-26,6,1.0,
2020-12-27,3,-3.0,
2020-12-28,5,2.0,
2020-12-29,9,4.0,
2020-12-30,8,-1.0,0.037244268007034724
2020-12-31,13,5.0,
2021-01-01,6,-7.0,
2021-01-02,7,1.0,
2021-01-03,13,6.0,
2021-01-04,7,-6.0,0.007536808552445949
2021-01-05,11,4.0,
2021-01-06,14,3.0,
2021-01-07,7,-7.0,
2021-01-08,12,5.0,
2021-01-09,10,-2.0,0.9618823618568922
2021-01-10,4,-6.0,
2021-01-11,14,10.0,
2021-01-12,17,3.0,
2021-01-13,24,7.0,
2021-01-14,21,-3.0,0.9997429984489489
2021-01-15,8,-13.0,
2021-01-16,5,-3.0,
2021-01-17,3,-2.0,
2021-01-18,9,6.0,
2021-01-19,9,0.0,1.0
2021-01-20,8,-1.0,
2021-01-21,16,8.0,
2021-01-22,6,-10.0,
2021-01-23,8,2.0,
2021-01-24,9,1.0,1.0
2021-01-25,20,11.0,
2021-01-26,19,-1.0,
2021-01-27,23,4.0,
2021-01-28,23,0.0,
2021-01-29,23,0.0,0.7094453021089702
2021-01-30,30,7.0,
2021-01-31,20,-10.0,
2021-02-01,23,3.0,
2021-02-02,16,-7.0,
2021-02-03,22,6.0,0.059150615691437515
2021-02-04,14,-8.0,
2021-02-05,13,-1.0,
2021-02-06,11,-2.0,
2021-02-07,7,-4.0,
2021-02-08,21,14.0,0.004867963552320721
2021-02-09,11,-10.0,
2021-02-10,14,3.0,
2021-02-11,16,2.0,
2021-02-12,22,6.0,
2021-02-13,9,-13.0,0.9999983252158409
2021-02-14,1,-8.0,
2021-02-15,11,10.0,
2021-02-16,9,-2.0,
2021-02-17,13,4.0,
2021-02-18,16,3.0,0.813899380978953
2021-02-19,8,-8.0,
2021-02-20,4,-4.0,
2021-02-21,6,2.0,
2021-02-22,19,13.0,
2021-02-23,13,-6.0,1.0
2021-02-24,26,13.0,
2021-02-25,15,-11.0,
2021-02-26,9,-6.0,
2021-02-27,8,-1.0,
2021-02-28,10,2.0,1.0
2021-03-01,10,0.0,
2021-03-02,22,12.0,
2021-03-03,12,-10.0,
2021-03-04,14,2.0,
2021-03-05,10,-4.0,0.9859328375231637
2021-03-06,6,-4.0,
2021-03-07,7,1.0,
2021-03-08,20,13.0,
2021-03-09,18,-2.0,
2021-03-10,17,-1.0,0.7124655455974174
2021-03-11,20,3.0,
2021-03-12,14,-6.0,
2021-03-13,7,-7.0,
2021-03-14,2,-5.0,
2021-03-15,18,16.0,0.9997346738965159
2021-03-16,23,5.0,
2021-03-17,16,-7.0,
2021-03-18,15,-1.0,
2021-03-19,17,2.0,
2021-03-20,9,-8.0,0.02751259660240484
2021-03-21,5,-4.0,
2021-03-22,16,11.0,
2021-03-23,18,2.0,
2021-03-24,17,-1.0,
2021-03-25,15,-2.0,1.6116713150768558e-17
2021-03-26,10,-5.0,
2021-03-27,12,2.0,
2021-03-28,5,-7.0,
2021-03-29,5,0.0,
2021-03-30,6,1.0,1.0
2021-03-31,9,3.0,
2021-04-01,19,10.0,
2021-04-02,4,-15.0,
2021-04-03,7,3.0,
2021-04-04,3,-4.0,7.769120064808935e-18
2021-04-05,13,10.0,
2021-04-06,13,0.0,
2021-04-07,8,-5.0,
2021-04-08,9,1.0,
2021-04-09,11,2.0,1.7007845170482034e-07
2021-04-10,6,-5.0,
2021-04-11,7,1.0,
2021-04-12,12,5.0,
2021-04-13,11,-1.0,
2021-04-14,13,2.0,6.324455800956595e-15
2021-04-15,14,1.0,
2021-04-16,5,-9.0,
2021-04-17,5,0.0,
2021-04-18,7,2.0,
2021-04-19,10,3.0,0.6425401734398325
2021-04-20,14,4.0,
2021-04-21,13,-1.0,
2021-04-22,12,-1.0,
2021-04-23,26,14.0,
2021-04-24,5,-21.0,1.0000000000000002
2021-04-25,3,-2.0,
2021-04-26,17,14.0,
2021-04-27,16,-1.0,
2021-04-28,31,15.0,
2021-04-29,19,-12.0,0.9999999999997127
2021-04-30,13,-6.0,
2021-05-01,12,-1.0,
2021-05-02,10,-2.0,
2021-05-03,23,13.0,
2021-05-04,26,3.0,0.31554597850285887
2021-05-05,14,-12.0,
2021-05-06,19,5.0,
2021-05-07,12,-7.0,
2021-05-08,5,-7.0,
2021-05-09,9,4.0,0.41602304957652925
2021-05-10,21,12.0,
2021-05-11,13,-8.0,
2021-05-12,15,2.0,
2021-05-13,14,-1.0,
2021-05-14,11,-3.0,0.7888855398109971
2021-05-15,3,-8.0,
2021-05-16,12,9.0,
2021-05-17,5,-7.0,
2021-05-18,8,3.0,
2021-05-19,13,5.0,0.798318881305339
2021-05-20,13,0.0,
2021-05-21,14,1.0,
2021-05-22,3,-11.0,
2021-05-23,6,3.0,
2021-05-24,5,-1.0,0.46723195858766653
2021-05-25,10,5.0,
2021-05-26,16,6.0,
2021-05-27,9,-7.0,
2021-05-28,5,-4.0,
2021-05-29,5,0.0,0.5656049512954031
2021-05-30,10,5.0,
2021-05-31,11,1.0,
2021-06-01,21,10.0,
2021-06-02,18,-3.0,
2021-06-03,17,-1.0,0.5356482509930011
2021-06-04,12,-5.0,
2021-06-05,6,-6.0,
2021-06-06,9,3.0,
2021-06-07,5,-4.0,
2021-06-08,14,9.0,0.9666313198321516
2021-06-09,9,-5.0,
2021-06-10,20,11.0,
2021-06-11,17,-3.0,
2021-06-12,5,-12.0,
2021-06-13,7,2.0,0.36290192513128733
2021-06-14,12,5.0,
2021-06-15,3,-9.0,
2021-06-16,14,11.0,
2021-06-17,27,13.0,
2021-06-18,18,-9.0,0.017672549896298708
2021-06-19,11,-7.0,
2021-06-20,8,-3.0,
2021-06-21,11,3.0,
2021-06-22,12,1.0,
2021-06-23,5,-7.0,0.8823895984952789
2021-06-24,16,11.0,
2021-06-25,8,-8.0,
2021-06-26,7,-1.0,
2021-06-27,5,-2.0,
2021-06-28,13,8.0,0.9986526258586624
2021-06-29,17,4.0,
2021-06-30,28,11.0,
2021-07-01,13,-15.0,
2021-07-02,15,2.0,
2021-07-03,8,-7.0,0.03240740265871751
2021-07-04,7,-1.0,
2021-07-05,14,7.0,
2021-07-06,8,-6.0,
2021-07-07,10,2.0,
2021-07-08,5,-5.0,1.0
2021-07-09,13,8.0,
2021-07-10,3,-10.0,
2021-07-11,6,3.0,
2021-07-12,9,3.0,
2021-07-13,13,4.0,0.9505801789920041
2021-07-14,15,2.0,
2021-07-15,25,10.0,
2021-07-16,12,-13.0,
2021-07-17,5,-7.0,
2021-07-18,5,0.0,0.9295565996533993
2021-07-19,13,8.0,
2021-07-20,15,2.0,
2021-07-21,11,-4.0,
2021-07-22,13,2.0,
2021-07-23,10,-3.0,0.9798726429094321
2021-07-24,6,-4.0,
2021-07-25,5,-1.0,
2021-07-26,15,10.0,
2021-07-27,11,-4.0,
2021-07-28,28,17.0,0.998440588046444
2021-07-29,47,19.0,
2021-07-30,22,-25.0,
2021-07-31,10,-12.0,
2021-08-01,7,-3.0,
2021-08-02,18,11.0,0.6030121957470123
2021-08-03,28,10.0,
2021-08-04,32,4.0,
2021-08-05,29,-3.0,
2021-08-06,10,-19.0,
2021-08-07,12,2.0,0.6993880772604756
2021-08-08,7,-5.0,
2021-08-09,8,1.0,
2021-08-10,12,4.0,
2021-08-11,8,-4.0,
2021-08-12,5,-3.0,0.056909465758199204
2021-08-13,7,2.0,
2021-08-14,4,-3.0,
2021-08-15,6,2.0,
2021-08-16,9,3.0,
2021-08-17,10,1.0,0.12432797806389842
2021-08-18,10,0.0,
2021-08-19,10,0.0,
2021-08-20,3,-7.0,
2021-08-21,4,1.0,
2021-08-22,8,4.0,0.08376371516724407
2021-08-23,10,2.0,
2021-08-24,10,0.0,
2021-08-25,5,-5.0,
2021-08-26,9,4.0,
2021-08-27,9,0.0,0.061337300865167935
2021-08-28,7,-2.0,
2021-08-29,6,-1.0,
2021-08-30,11,5.0,
2021-08-31,11,0.0,
2021-09-01,18,7.0,0.16205000510359796
2021-09-02,7,-11.0,
2021-09-03,10,3.0,
2021-09-04,3,-7.0,
2021-09-05,5,2.0,
2021-09-06,5,0.0,0.05657099908625102
2021-09-07,10,5.0,
2021-09-08,7,-3.0,
2021-09-09,3,-4.0,
2021-09-10,10,7.0,
2021-09-11,5,-5.0,0.055641713305503535
2021-09-12,7,2.0,
2021-09-13,6,-1.0,
2021-09-14,7,1.0,
2021-09-15,7,0.0,
2021-09-16,11,4.0,0.013215594616317243
2021-09-17,8,-3.0,
2021-09-18,4,-4.0,
2021-09-19,4,0.0,
2021-09-20,7,3.0,
2021-09-21,4,-3.0,0.0
2021-09-22,9,5.0,
2021-09-23,8,-1.0,
2021-09-24,6,-2.0,
2021-09-25,7,1.0,
2021-09-26,8,1.0,1.0
2021-09-27,12,4.0,
2021-09-28,7,-5.0,
2021-09-29,14,7.0,
2021-09-30,7,-7.0,
2021-10-01,11,4.0,0.040883329781276484
2021-10-02,5,-6.0,
2021-10-03,4,-1.0,
2021-10-04,12,8.0,
2021-10-05,8,-4.0,
2021-10-06,14,6.0,1.0
2021-10-07,6,-8.0,
2021-10-08,6,0.0,
2021-10-09,6,0.0,
2021-10-10,1,-5.0,
2021-10-11,1,0.0,4.831860081302718e-16
2021-10-12,13,12.0,
2021-10-13,8,-5.0,
2021-10-14,6,-2.0,
2021-10-15,5,-1.0,
2021-10-16,5,0.0,1.3712384800159978e-15
2021-10-17,3,-2.0,
2021-10-18,14,11.0,
2021-10-19,10,-4.0,
2021-10-20,8,-2.0,
2021-10-21,8,0.0,1.6061069694653339e-15
2021-10-22,9,1.0,
2021-10-23,6,-3.0,
2021-10-24,4,-2.0,
2021-10-25,16,12.0,
2021-10-26,12,-4.0,1.2241969344494617e-08
2021-10-27,15,3.0,
2021-10-28,10,-5.0,
2021-10-29,14,4.0,
2021-10-30,7,-7.0,
2021-10-31,8,1.0,0.8085715383102732
2021-11-01,12,4.0,
2021-11-02,16,4.0,
2021-11-03,13,-3.0,
2021-11-04,26,13.0,
2021-11-05,16,-10.0,4.813825502835399e-07
2021-11-06,7,-9.0,
2021-11-07,8,1.0,
2021-11-08,40,32.0,
2021-11-09,26,-14.0,
2021-11-10,16,-10.0,0.0
2021-11-11,13,-3.0,
2021-11-12,10,-3.0,
2021-11-13,6,-4.0,
2021-11-14,11,5.0,
2021-11-15,18,7.0,0.4992878408523136
2021-11-16,9,-9.0,
2021-11-17,15,6.0,
2021-11-18,13,-2.0,
2021-11-19,9,-4.0,
2021-11-20,8,-1.0,0.19646821652849253
2021-11-21,6,-2.0,
2021-11-22,13,7.0,
2021-11-23,14,1.0,
2021-11-24,28,14.0,
2021-11-25,9,-19.0,1.0
2021-11-26,8,-1.0,
2021-11-27,3,-5.0,
2021-11-28,4,1.0,
2021-11-29,10,6.0,
2021-11-30,19,9.0,0.9999999999073304
2021-12-01,17,-2.0,
2021-12-02,18,1.0,
2021-12-03,15,-3.0,
2021-12-04,11,-4.0,
2021-12-05,8,-3.0,0.115941546987028
2021-12-06,9,1.0,
2021-12-07,15,6.0,
2021-12-08,15,0.0,
2021-12-09,9,-6.0,
2021-12-10,16,7.0,0.10940992127288707
2021-12-11,4,-12.0,
2021-12-12,6,2.0,
2021-12-13,8,2.0,
2021-12-14,12,4.0,
2021-12-15,20,8.0,0.11783190259417357
2021-12-16,21,1.0,
2021-12-17,13,-8.0,
2021-12-18,5,-8.0,
2021-12-19,1,-4.0,
2021-12-20,13,12.0,0.2148442246598872
2021-12-21,18,5.0,
2021-12-22,15,-3.0,
2021-12-23,15,0.0,
2021-12-24,19,4.0,
2021-12-25,3,-16.0,0.5142140401874179
2021-12-26,8,5.0,
2021-12-27,14,6.0,
2021-12-28,15,1.0,
2021-12-29,14,-1.0,
2021-12-30,17,3.0,1.0000000000000002
2021-12-31,18,1.0,
2022-01-01,7,-11.0,
2022-01-02,9,2.0,
2022-01-03,13,4.0,
2022-01-04,23,10.0,0.003528154753508716
2022-01-05,20,-3.0,
2022-01-06,18,-2.0,
2022-01-07,8,-10.0,
2022-01-08,8,0.0,
2022-01-09,11,3.0,0.44614508115944557
2022-01-10,15,4.0,
2022-01-11,24,9.0,
2022-01-12,12,-12.0,
2022-01-13,12,0.0,
2022-01-14,9,-3.0,0.0010180770000787548
2022-01-15,10,1.0,
2022-01-16,2,-8.0,
2022-01-17,8,6.0,
2022-01-18,8,0.0,
2022-01-19,46,38.0,1.0
2022-01-20,128,82.0,
2022-01-21,21,-107.0,
2022-01-22,7,-14.0,
2022-01-23,7,0.0,
2022-01-24,10,3.0,0.007215807511999644
2022-01-25,11,1.0,
2022-01-26,16,5.0,
2022-01-27,19,3.0,
2022-01-28,12,-7.0,
2022-01-29,10,-2.0,0.0022173883342425696
2022-01-30,8,-2.0,
2022-01-31,14,6.0,
2022-02-01,20,6.0,
2022-02-02,26,6.0,
2022-02-03,15,-11.0,0.00907920108773235
2022-02-04,14,-1.0,
2022-02-05,6,-8.0,
2022-02-06,7,1.0,
2022-02-07,10,3.0,
2022-02-08,13,3.0,0.0022465794006089113
2022-02-09,13,0.0,
2022-02-10,19,6.0,
2022-02-11,16,-3.0,
2022-02-12,7,-9.0,
2022-02-13,7,0.0,0.0020585572818223267
2022-02-14,17,10.0,
2022-02-15,28,11.0,
2022-02-16,16,-12.0,
2022-02-17,21,5.0,
2022-02-18,17,-4.0,0.0025399901800062176
2022-02-19,6,-11.0,
2022-02-20,3,-3.0,
2022-02-21,9,6.0,
2022-02-22,15,6.0,
2022-02-23,15,0.0,0.002042888688064576
2022-02-24,11,-4.0,
2022-02-25,10,-1.0,
2022-02-26,5,-5.0,
2022-02-27,7,2.0,
2022-02-28,7,0.0,0.0019273806632585236
2022-03-01,4,-3.0,
2022-03-02,8,4.0,
2022-03-03,13,5.0,
2022-03-04,10,-3.0,
2022-03-05,4,-6.0,0.0030851751891426155
2022-03-06,1,-3.0,
2022-03-07,4,3.0,
2022-03-08,12,8.0,
2022-03-09,6,-6.0,
2022-03-10,11,5.0,0.0020843528654787146
2022-03-11,4,-7.0,
2022-03-12,3,-1.0,
2022-03-13,3,0.0,
2022-03-14,10,7.0,
2022-03-15,9,-1.0,1.0
2022-03-16,4,-5.0,
2022-03-17,18,14.0,
2022-03-18,9,-9.0,
2022-03-19,2,-7.0,
2022-03-20,6,4.0,0.9999958734935535
2022-03-21,10,4.0,
2022-03-22,14,4.0,
2022-03-23,6,-8.0,
2022-03-24,7,1.0,
2022-03-25,2,-5.0,0.4881856854333932
2022-03-26,4,2.0,
2022-03-27,4,0.0,
2022-03-28,6,2.0,
2022-03-29,14,8.0,
2022-03-30,9,-5.0,0.2530931405519158
2022-03-31,8,-1.0,
2022-04-01,9,1.0,
2022-04-02,7,-2.0,
2022-04-03,3,-4.0,
2022-04-04,19,16.0,0.9999999999999996
2022-04-05,7,-12.0,
2022-04-06,10,3.0,
2022-04-07,11,1.0,
2022-04-08,15,4.0,
2022-04-09,9,-6.0,2.0827642894001371e-97
2022-04-10,7,-2.0,
2022-04-11,13,6.0,
2022-04-12,17,4.0,
2022-04-13,10,-7.0,
2022-04-14,21,11.0,0.9624692991939249
2022-04-15,9,-12.0,
2022-04-16,6,-3.0,
2022-04-17,10,4.0,
2022-04-18,14,4.0,
2022-04-19,13,-1.0,0.31503552364334086
2022-04-20,11,-2.0,
2022-04-21,12,1.0,
2022-04-22,13,1.0,
2022-04-23,7,-6.0,
2022-04-24,6,-1.0,0.2874775238177274
2022-04-25,17,11.0,
2022-04-26,12,-5.0,
2022-04-27,19,7.0,
2022-04-28,20,1.0,
2022-04-29,17,-3.0,0.4035343771656099
2022-04-30,8,-9.0,
2022-05-01,7,-1.0,
2022-05-02,13,6.0,
2022-05-03,23,10.0,
2022-05-04,31,8.0,0.9701057889029312
2022-05-05,12,-19.0,
2022-05-06,19,7.0,
2022-05-07,5,-14.0,
2022-05-08,6,1.0,
2022-05-09,14,8.0,0.6715102095403594
2022-05-10,15,1.0,
2022-05-11,12,-3.0,
2022-05-12,14,2.0,
2022-05-13,11,-3.0,
2022-05-14,3,-8.0,0.694275389752897
2022-05-15,8,5.0,
2022-05-16,8,0.0,
2022-05-17,14,6.0,
2022-05-18,10,-4.0,
2022-05-19,18,8.0,0.48901356211026015
2022-05-20,8,-10.0,
2022-05-21,7,-1.0,
2022-05-22,3,-4.0,
2022-05-23,15,12.0,
2022-05-24,12,-3.0,6.927974506683406e-16
2022-05-25,9,-3.0,
2022-05-26,17,8.0,
2022-05-27,6,-11.0,
2022-05-28,9,3.0,
2022-05-29,5,-4.0,1.0
2022-05-30,3,-2.0,
2022-05-31,10,7.0,
2022-06-01,5,-5.0,
2022-06-02,9,4.0,
2022-06-03,5,-4.0,1.0
2022-06-04,5,0.0,
2022-06-05,3,-2.0,
2022-06-06,11,8.0,
2022-06-07,15,4.0,
2022-06-08,22,7.0,1.0
2022-06-09,13,-9.0,
2022-06-10,10,-3.0,
2022-06-11,8,-2.0,
2022-06-12,5,-3.0,
2022-06-13,11,6.0,0.9999999999999999
2022-06-14,12,1.0,
2022-06-15,7,-5.0,
2022-06-16,11,4.0,
2022-06-17,12,1.0,
2022-06-18,8,-4.0,1.0
2022-06-19,3,-5.0,
2022-06-20,8,5.0,
2022-06-21,13,5.0,
2022-06-22,11,-2.0,
2022-06-23,10,-1.0,0.9817139775169004
2022-06-24,6,-4.0,
2022-06-25,7,1.0,
2022-06-26,5,-2.0,
2022-06-27,8,3.0,
2022-06-28,9,1.0,0.999980083133389
2022-06-29,13,4.0,
2022-06-30,11,-2.0,
2022-07-01,16,5.0,
2022-07-02,8,-8.0,
2022-07-03,3,-5.0,0.37400621768012465
2022-07-04,4,1.0,
2022-07-05,8,4.0,
2022-07-06,11,3.0,
2022-07-07,14,3.0,
2022-07-08,12,-2.0,0.5171528636754728
2022-07-09,10,-2.0,
2022-07-10,3,-7.0,
2022-07-11,4,1.0,
2022-07-12,4,0.0,
2022-07-13,6,2.0,0.40603155235707145
2022-07-14,12,6.0,
2022-07-15,7,-5.0,
2022-07-16,6,-1.0,
2022-07-17,8,2.0,
2022-07-18,12,4.0,0.6342812592482843
2022-07-19,16,4.0,
2022-07-20,6,-10.0,
2022-07-21,12,6.0,
2022-07-22,10,-2.0,
2022-07-23,4,-6.0,0.9999999997879885
2022-07-24,10,6.0,
2022-07-25,7,-3.0,
2022-07-26,10,3.0,
2022-07-27,9,-1.0,
2022-07-28,8,-1.0,0.9999924751268935
2022-07-29,25,17.0,
2022-07-30,6,-19.0,
2022-07-31,8,2.0,
2022-08-01,13,5.0,
2022-08-02,12,-1.0,0.02226716715161873
2022-08-03,19,7.0,
2022-08-04,20,1.0,
2022-08-05,6,-14.0,
2022-08-06,9,3.0,
2022-08-07,2,-7.0,0.30606703911349886
2022-08-08,7,5.0,
2022-08-09,9,2.0,
2022-08-10,13,4.0,
2022-08-11,10,-3.0,
2022-08-12,14,4.0,0.12224577993091959
2022-08-13,5,-9.0,
2022-08-14,6,1.0,
2022-08-15,5,-1.0,
2022-08-16,7,2.0,
2022-08-17,9,2.0,0.4063439607127637
2022-08-18,7,-2.0,
2022-08-19,7,0.0,
2022-08-20,7,0.0,
2022-08-21,6,-1.0,
2022-08-22,10,4.0,0.14933414625538088
2022-08-23,8,-2.0,
2022-08-24,7,-1.0,
2022-08-25,11,4.0,
2022-08-26,7,-4.0,
2022-08-27,9,2.0,0.09888451116046174
2022-08-28,2,-7.0,
2022-08-29,10,8.0,
2022-08-30,12,2.0,
2022-08-31,11,-1.0,
2022-09-01,9,-2.0,0.5899668567729227
2022-09-02,6,-3.0,
2022-09-03,5,-1.0,
2022-09-04,6,1.0,
2022-09-05,3,-3.0,
2022-09-06,5,2.0,0.10956660718941116
2022-09-07,9,4.0,
2022-09-08,7,-2.0,
2022-09-09,4,-3.0,
2022-09-10,4,0.0,
2022-09-11,7,3.0,0.05689740820557051
2022-09-12,11,4.0,
2022-09-13,3,-8.0,
2022-09-14,8,5.0,
2022-09-15,7,-1.0,
2022-09-16,5,-2.0,0.09765830301463438
2022-09-17,2,-3.0,
2022-09-18,2,0.0,
2022-09-19,9,7.0,
2022-09-20,5,-4.0,
2022-09-21,5,0.0,0.0707641205230418
2022-09-22,8,3.0,
2022-09-23,10,2.0,
2022-09-24,5,-5.0,
2022-09-25,5,0.0,
2022-09-26,9,4.0,0.9190887754435967
2022-09-27,14,5.0,
2022-09-28,6,-8.0,
2022-09-29,11,5.0,
2022-09-30,8,-3.0,
2022-10-01,7,-1.0,0.5669349319479596
2022-10-02,3,-4.0,
2022-10-03,11,8.0,
2022-10-04,9,-2.0,
2022-10-05,6,-3.0,
2022-10-06,10,4.0,0.9999973018273727
2022-10-07,20,10.0,
2022-10-08,9,-11.0,
2022-10-09,6,-3.0,
2022-10-10,8,2.0,
2022-10-11,7,-1.0,0.6653470551451579
2022-10-12,10,3.0,
2022-10-13,8,-2.0,
2022-10-14,4,-4.0,
2022-10-15,5,1.0,
2022-10-16,4,-1.0,0.6778456470159602
2022-10-17,6,2.0,
2022-10-18,8,2.0,
2022-10-19,2,-6.0,
2022-10-20,7,5.0,
2022-10-21,7,0.0,1.0
2022-10-22,3,-4.0,
2022-10-23,2,-1.0,
2022-10-24,5,3.0,
2022-10-25,8,3.0,
2022-10-26,6,-2.0,0.6461078681180455
2022-10-27,8,2.0,
2022-10-28,6,-2.0,
2022-10-29,2,-4.0,
2022-10-30,3,1.0,
2022-10-31,6,3.0,0.3056665419155395
2022-11-01,11,5.0,
2022-11-02,3,-8.0,
2022-11-03,7,4.0,
2022-11-04,4,-3.0,
2022-11-05,5,1.0,0.0875527267323615
2022-11-06,5,0.0,
2022-11-07,6,1.0,
2022-11-08,4,-2.0,
2022-11-09,5,1.0,
2022-11-10,15,10.0,0.977508445787044
2022-11-11,12,-3.0,
2022-11-12,5,-7.0,
2022-11-13,3,-2.0,
2022-11-14,7,4.0,
2022-11-15,9,2.0,0.5825536144973166
2022-11-16,5,-4.0,
2022-11-17,8,3.0,
2022-11-18,7,-1.0,
2022-11-19,2,-5.0,
2022-11-20,1,-1.0,0.27344920762418656
2022-11-21,6,5.0,
2022-11-22,9,3.0,
2022-11-23,7,-2.0,
2022-11-24,5,-2.0,
2022-11-25,4,-1.0,0.11955476089822611
2022-11-26,5,1.0,
2022-11-27,3,-2.0,
2022-11-28,3,0.0,
2022-11-29,3,0.0,
2022-11-30,5,2.0,0.0
2022-12-01,7,2.0,
2022-12-02,6,-1.0,
2022-12-03,4,-2.0,
2022-12-04,1,-3.0,
2022-12-05,2,1.0,0.0
2022-12-06,3,1.0,
2022-12-07,5,2.0,
2022-12-08,5,0.0,
2022-12-09,2,-3.0,
2022-12-10,2,0.0,0.08381963605175143
2022-12-11,3,1.0,
2022-12-12,12,9.0,
2022-12-13,14,2.0,
2022-12-14,7,-7.0,
2022-12-15,11,4.0,0.9877200818567247
2022-12-16,2,-9.0,
2022-12-17,4,2.0,
2022-12-18,3,-1.0,
2022-12-19,3,0.0,
2022-12-20,4,1.0,0.18769183084659258
2022-12-21,84,80.0,
2022-12-22,9,-75.0,
2022-12-23,30,21.0,
2022-12-24,2,-28.0,
2022-12-25,2,0.0,0.17205325458398985
2022-12-26,2,0.0,
2022-12-27,4,2.0,
2022-12-28,2,-2.0,
2022-12-29,5,3.0,
2022-12-30,3,-2.0,0.0016209757263006307
2022-12-31,5,2.0,
2023-01-01,2,-3.0,
2023-01-02,5,3.0,
2023-01-03,10,5.0,
2023-01-04,8,-2.0,0.0018114476823154766
2023-01-05,17,9.0,
2023-01-06,8,-9.0,
2023-01-07,1,-7.0,
2023-01-08,1,0.0,
2023-01-09,5,4.0,0.0028475429968318777
2023-01-10,10,5.0,
2023-01-11,8,-2.0,
2023-01-12,4,-4.0,
2023-01-13,4,0.0,
2023-01-14,3,-1.0,0.0016363311882589373
2023-01-15,2,-1.0,
2023-01-16,5,3.0,
2023-01-17,4,-1.0,
2023-01-18,7,3.0,
2023-01-19,5,-2.0,0.0018761663886037656
2023-01-20,7,2.0,
2023-01-21,3,-4.0,
2023-01-22,5,2.0,
2023-01-23,8,3.0,
2023-01-24,9,1.0,0.0016628155351364046
2023-01-25,5,-4.0,
2023-01-26,9,4.0,
2023-01-27,14,5.0,
2023-01-28,6,-8.0,
2023-01-29,1,-5.0,0.004802349084870946
2023-01-30,12,11.0,
2023-01-31,11,-1.0,
2023-02-01,21,10.0,
2023-02-02,10,-11.0,
2023-02-03,6,-4.0,0.007214453596522662
2023-02-04,2,-4.0,
2023-02-05,4,2.0,
2023-02-06,5,1.0,
2023-02-07,7,2.0,
2023-02-08,3,-4.0,0.0023201947743892275
2023-02-09,5,2.0,
2023-02-10,4,-1.0,
2023-02-11,5,1.0,
2023-02-12,4,-1.0,
2023-02-13,5,1.0,0.04861141251217804
2023-02-14,8,3.0,
2023-02-15,3,-5.0,
2023-02-16,2,-1.0,
2023-02-17,6,4.0,
2023-02-18,9,3.0,0.13124097262927298
2023-02-19,2,-7.0,
2023-02-20,3,1.0,
2023-02-21,5,2.0,
2023-02-22,8,3.0,
2023-02-23,9,1.0,0.08848894346546629
2023-02-24,6,-3.0,
2023-02-25,2,-4.0,
2023-02-26,5,3.0,
2023-02-27,5,0.0,
2023-02-28,6,1.0,0.5816670307413236
2023-03-01,5,-1.0,
2023-03-02,9,4.0,
2023-03-03,4,-5.0,
2023-03-04,8,4.0,
2023-03-05,8,0.0,0.9524401945797036
2023-03-06,5,-3.0,
2023-03-07,4,-1.0,
2023-03-08,4,0.0,
2023-03-09,6,2.0,
2023-03-10,7,1.0,0.2905911194222166
2023-03-11,3,-4.0,
2023-03-12,3,0.0,
2023-03-13,6,3.0,
2023-03-14,4,-2.0,
2023-03-15,9,5.0,0.874042327974312
2023-03-16,11,2.0,
2023-03-17,9,-2.0,
2023-03-18,4,-5.0,
2023-03-19,3,-1.0,
2023-03-20,6,3.0,0.45198500023220584
2023-03-21,9,3.0,
2023-03-22,15,6.0,
2023-03-23,16,1.0,
2023-03-24,5,-11.0,
2023-03-25,4,-1.0,0.43953603421747206
2023-03-26,3,-1.0,
2023-03-27,6,3.0,
2023-03-28,2,-4.0,
2023-03-29,8,6.0,
2023-03-30,10,2.0,0.03370899784812697
2023-03-31,11,1.0,
2023-04-01,4,-7.0,
2023-04-02,4,0.0,
2023-04-03,4,0.0,
2023-04-04,4,0.0,0.05026738337796809
2023-04-05,11,7.0,
2023-04-06,4,-7.0,
2023-04-07,8,4.0,
2023-04-08,4,-4.0,
2023-04-09,2,-2.0,0.09188130113697868
2023-04-10,4,2.0,
2023-04-11,5,1.0,
2023-04-12,8,3.0,
2023-04-13,7,-1.0,
2023-04-14,5,-2.0,0.2955764903211464
2023-04-15,6,1.0,
2023-04-16,1,-5.0,
2023-04-17,7,6.0,
2023-04-18,4,-3.0,
2023-04-19,8,4.0,0.019056807087992112
2023-04-20,11,3.0,
2023-04-21,3,-8.0,
2023-04-22,4,1.0,
2023-04-23,3,-1.0,
2023-04-24,3,0.0,0.14010607301830305
2023-04-25,7,4.0,
2023-04-26,8,1.0,
2023-04-27,7,-1.0,
2023-04-28,9,2.0,
2023-04-29,5,-4.0,0.8367259497919495
2023-04-30,5,0.0,
2023-05-01,3,-2.0,
2023-05-02,10,7.0,
2023-05-03,11,1.0,
2023-05-04,13,2.0,0.14149696593393016
2023-05-05,5,-8.0,
2023-05-06,5,0.0,
2023-05-07,8,3.0,
2023-05-08,6,-2.0,
2023-05-09,11,5.0,0.02365971438181836
2023-05-10,5,-6.0,
2023-05-11,9,4.0,
2023-05-12,6,-3.0,
2023-05-13,5,-1.0,
2023-05-14,4,-1.0,1.0
2023-05-15,6,2.0,
2023-05-16,5,-1.0,
2023-05-17,6,1.0,
2023-05-18,8,2.0,
2023-05-19,9,1.0,0.3529220203095369
2023-05-20,6,-3.0,
2023-05-21,2,-4.0,
2023-05-22,10,8.0,
2023-05-23,9,-1.0,
2023-05-24,13,4.0,0.9209710175494255
2023-05-25,15,2.0,
2023-05-26,15,0.0,
2023-05-27,12,-3.0,
2023-05-28,5,-7.0,
2023-05-29,12,7.0,0.9984837772751725
2023-05-30,6,-6.0,
2023-05-31,18,12.0,
2023-06-01,8,-10.0,
2023-06-02,9,1.0,
2023-06-03,3,-6.0,0.9986563289882096
2023-06-04,2,-1.0,
2023-06-05,6,4.0,
2023-06-06,10,4.0,
2023-06-07,7,-3.0,
2023-06-08,12,5.0,0.9340455719774331
2023-06-09,8,-4.0,
2023-06-10,8,0.0,
2023-06-11,3,-5.0,
2023-06-12,10,7.0,
2023-06-13,17,7.0,0.9993180526229474
2023-06-14,13,-4.0,
2023-06-15,10,-3.0,
2023-06-16,9,-1.0,
2023-06-17,2,-7.0,
2023-06-18,4,2.0,0.9289736013389256
2023-06-19,5,1.0,
2023-06-20,9,4.0,
2023-06-21,13,4.0,
2023-06-22,7,-6.0,
2023-06-23,7,0.0,0.933790783112704
2023-06-24,5,-2.0,
2023-06-25,5,0.0,
2023-06-26,5,0.0,
2023-06-27,8,3.0,
2023-06-28,8,0.0,0.30370048377751113
2023-06-29,12,4.0,
2023-06-30,14,2.0,
2023-07-01,5,-9.0,
2023-07-02,3,-2.0,
2023-07-03,11,8.0,0.999877773437519
2023-07-04,3,-8.0,
2023-07-05,5,2.0,
2023-07-06,8,3.0,
2023-07-07,7,-1.0,
2023-07-08,3,-4.0,0.9233433980142387
2023-07-09,3,0.0,
2023-07-10,5,2.0,
2023-07-11,7,2.0,
2023-07-12,12,5.0,
2023-07-13,4,-8.0,0.9999999815060524
2023-07-14,4,0.0,
2023-07-15,6,2.0,
2023-07-16,3,-3.0,
2023-07-17,8,5.0,
2023-07-18,12,4.0,9.85951238990239e-15
2023-07-19,7,-5.0,
2023-07-20,7,0.0,
2023-07-21,8,1.0,
2023-07-22,8,0.0,
2023-07-23,3,-5.0,0.9143077806211317
2023-07-24,7,4.0,
2023-07-25,7,0.0,
2023-07-26,4,-3.0,
2023-07-27,4,0.0,
2023-07-28,9,5.0,1.0000000000000002
2023-07-29,3,-6.0,
2023-07-30,5,2.0,
2023-07-31,6,1.0,
2023-08-01,15,9.0,
2023-08-02,11,-4.0,0.994947955215531
2023-08-03,13,2.0,
2023-08-04,12,-1.0,
2023-08-05,9,-3.0,
2023-08-06,7,-2.0,
2023-08-07,4,-3.0,1.0
2023-08-08,7,3.0,
2023-08-09,7,0.0,
2023-08-10,9,2.0,
2023-08-11,7,-2.0,
2023-08-12,3,-4.0,0.996953588201588
2023-08-13,4,1.0,
2023-08-14,10,6.0,
2023-08-15,8,-2.0,
2023-08-16,9,1.0,
2023-08-17,6,-3.0,1.0
2023-08-18,4,-2.0,
2023-08-19,7,3.0,
2023-08-20,6,-1.0,
2023-08-21,10,4.0,
2023-08-22,5,-5.0,0.9253139939035414
2023-08-23,8,3.0,
2023-08-24,12,4.0,
2023-08-25,5,-7.0,
2023-08-26,5,0.0,
2023-08-27,6,1.0,0.018803328893408286
2023-08-28,10,4.0,
2023-08-29,8,-2.0,
2023-08-30,18,10.0,
2023-08-31,13,-5.0,
2023-09-01,6,-7.0,0.11699501226601265
2023-09-02,8,2.0,
2023-09-03,2,-6.0,
2023-09-04,3,1.0,
2023-09-05,9,6.0,
2023-09-06,6,-3.0,0.016138852498945505
2023-09-07,4,-2.0,
2023-09-08,8,4.0,
2023-09-09,5,-3.0,
2023-09-10,5,0.0,
2023-09-11,7,2.0,0.5308683754837547
2023-09-12,3,-4.0,
2023-09-13,3,0.0,
2023-09-14,11,8.0,
2023-09-15,3,-8.0,
2023-09-16,7,4.0,0.9236933130566514
2023-09-17,2,-5.0,
2023-09-18,5,3.0,
2023-09-19,14,9.0,
2023-09-20,6,-8.0,
2023-09-21,5,-1.0,0.6036010200438372
2023-09-22,6,1.0,
2023-09-23,7,1.0,
2023-09-24,4,-3.0,
2023-09-25,8,4.0,
2023-09-26,11,3.0,0.10628017121557355
2023-09-27,10,-1.0,
2023-09-28,15,5.0,
2023-09-29,9,-6.0,
2023-09-30,3,-6.0,
2023-10-01,4,1.0,1.0
2023-10-02,14,10.0,
2023-10-03,8,-6.0,
2023-10-04,4,-4.0,
2023-10-05,4,0.0,
2023-10-06,6,2.0,1.0
2023-10-07,5,-1.0,
2023-10-08,5,0.0,
2023-10-09,6,1.0,
2023-10-10,9,3.0,
2023-10-11,16,7.0,1.0
2023-10-12,7,-9.0,
2023-10-13,9,2.0,
2023-10-14,6,-3.0,
2023-10-15,4,-2.0,
2023-10-16,7,3.0,0.9826581683998912
2023-10-17,6,-1.0,
2023-10-18,6,0.0,
2023-10-19,7,1.0,
2023-10-20,9,2.0,
2023-10-21,8,-1.0,0.3294231669273051
2023-10-22,5,-3.0,
2023-10-23,8,3.0,
2023-10-24,6,-2.0,
2023-10-25,10,4.0,
2023-10-26,6,-4.0,0.6638923048724265
2023-10-27,12,6.0,
2023-10-28,2,-10.0,
2023-10-29,6,4.0,
2023-10-30,10,4.0,
2023-10-31,14,4.0,0.8990314213989878
2023-11-01,19,5.0,
2023-11-02,6,-13.0,
2023-11-03,10,4.0,
2023-11-04,5,-5.0,
2023-11-05,3,-2.0,0.8485730303739365
2023-11-06,10,7.0,
2023-11-07,15,5.0,
2023-11-08,11,-4.0,
2023-11-09,9,-2.0,
2023-11-10,11,2.0,0.28675784198640103
2023-11-11,5,-6.0,
2023-11-12,4,-1.0,
2023-11-13,13,9.0,
2023-11-14,13,0.0,
2023-11-15,17,4.0,0.20905437594903464
2023-11-16,17,0.0,
2023-11-17,9,-8.0,
2023-11-18,7,-2.0,
2023-11-19,4,-3.0,
2023-11-20,11,7.0,0.9985354340925623
2023-11-21,6,-5.0,
2023-11-22,7,1.0,
2023-11-23,3,-4.0,
2023-11-24,4,1.0,
2023-11-25,4,0.0,0.6771352553932288
2023-11-26,3,-1.0,
2023-11-27,6,3.0,
2023-11-28,7,1.0,
2023-11-29,7,0.0,
2023-11-30,3,-4.0,0.7467526762198404
2023-12-01,8,5.0,
2023-12-02,2,-6.0,
2023-12-03,7,5.0,
2023-12-04,11,4.0,
2023-12-05,9,-2.0,0.4472296517343776
2023-12-06,16,7.0,
2023-12-07,28,12.0,
2023-12-08,18,-10.0,
2023-12-09,5,-13.0,
2023-12-10,9,4.0,0.03785331677818597
2023-12-11,13,4.0,
2023-12-12,11,-2.0,
2023-12-13,7,-4.0,
2023-12-14,11,4.0,
2023-12-15,14,3.0,1.0
2023-12-16,8,-6.0,
2023-12-17,8,0.0,
2023-12-18,10,2.0,
2023-12-19,13,3.0,
2023-12-20,10,-3.0,0.7399889443405514
2023-12-21,13,3.0,
2023-12-22,8,-5.0,
2023-12-23,3,-5.0,
2023-12-24,6,3.0,
2023-12-25,4,-2.0,2.5627620653224876e-10
2023-12-26,8,4.0,
2023-12-27,7,-1.0,
2023-12-28,6,-1.0,
2023-12-29,8,2.0,
2023-12-30,5,-3.0,0.042906278189525346
2023-12-31,2,-3.0,
2024-01-01,2,0.0,
2024-01-02,7,5.0,
2024-01-03,9,2.0,
2024-01-04,9,0.0,0.029361385276795913
2024-01-05,7,-2.0,
2024-01-06,8,1.0,
2024-01-07,10,2.0,
2024-01-08,14,4.0,
2024-01-09,9,-5.0,0.06531565728611244
2024-01-10,14,5.0,
2024-01-11,8,-6.0,
2024-01-12,6,-2.0,
2024-01-13,5,-1.0,
2024-01-14,8,3.0,0.03274074009655389
2024-01-15,2,-6.0,
2024-01-16,14,12.0,
2024-01-17,8,-6.0,
2024-01-18,12,4.0,
2024-01-19,33,21.0,0.9999999414236083
2024-01-20,6,-27.0,
2024-01-21,5,-1.0,
2024-01-22,10,5.0,
2024-01-23,16,6.0,
2024-01-24,15,-1.0,0.19010141135330705
2024-01-25,11,-4.0,
2024-01-26,20,9.0,
2024-01-27,6,-14.0,
2024-01-28,15,9.0,
2024-01-29,16,1.0,0.8748835656260423
2024-01-30,14,-2.0,
2024-01-31,29,15.0,
2024-02-01,15,-14.0,
2024-02-02,12,-3.0,
2024-02-03,5,-7.0,0.9511467602550865
2024-02-04,8,3.0,
2024-02-05,6,-2.0,
2024-02-06,11,5.0,
2024-02-07,12,1.0,
2024-02-08,19,7.0,0.28553245097843266
2024-02-09,7,-12.0,
2024-02-10,6,-1.0,
2024-02-11,7,1.0,
2024-02-12,14,7.0,
2024-02-13,8,-6.0,0.4101063733745993
2024-02-14,7,-1.0,
2024-02-15,9,2.0,
2024-02-16,7,-2.0,
2024-02-17,4,-3.0,
2024-02-18,7,3.0,0.09702349963584805
2024-02-19,8,1.0,
2024-02-20,15,7.0,
2024-02-21,11,-4.0,
2024-02-22,17,6.0,
2024-02-23,14,-3.0,0.12152219987512222
2024-02-24,9,-5.0,
2024-02-25,7,-2.0,
2024-02-26,12,5.0,
2024-02-27,17,5.0,
2024-02-28,18,1.0,0.08090757131898497
2024-02-29,16,-2.0,
2024-03-01,18,2.0,
2024-03-02,10,-8.0,
2024-03-03,8,-2.0,
2024-03-04,13,5.0,0.050454904224156785
2024-03-05,16,3.0,
2024-03-06,10,-6.0,
2024-03-07,15,5.0,
2024-03-08,16,1.0,
2024-03-09,3,-13.0,0.9533860821768816
2024-03-10,9,6.0,
2024-03-11,11,2.0,
2024-03-12,17,6.0,
2024-03-13,13,-4.0,
2024-03-14,17,4.0,0.014480772101617263
2024-03-15,11,-6.0,
2024-03-16,7,-4.0,
2024-03-17,5,-2.0,
2024-03-18,10,5.0,
2024-03-19,20,10.0,0.6457355634102567
2024-03-20,12,-8.0,
2024-03-21,14,2.0,
2024-03-22,11,-3.0,
2024-03-23,5,-6.0,
2024-03-24,12,7.0,0.1947808089109049
2024-03-25,9,-3.0,
2024-03-26,15,6.0,
2024-03-27,12,-3.0,
2024-03-28,9,-3.0,
2024-03-29,7,-2.0,5.509799275593884e-19
2024-03-30,9,2.0,
2024-03-31,7,-2.0,
2024-04-01,9,2.0,
2024-04-02,12,3.0,
2024-04-03,15,3.0,0.46977233148552494
2024-04-04,13,-2.0,
2024-04-05,12,-1.0,
2024-04-06,8,-4.0,
2024-04-07,4,-4.0,
2024-04-08,10,6.0,0.8735597049992602
2024-04-09,8,-2.0,
2024-04-10,9,1.0,
2024-04-11,12,3.0,
2024-04-12,7,-5.0,
2024-04-13,3,-4.0,1.7739339969911193e-49
2024-04-14,4,1.0,
2024-04-15,7,3.0,
2024-04-16,17,10.0,
2024-04-17,12,-5.0,
2024-04-18,14,2.0,0.7167772394952759
2024-04-19,19,5.0,
2024-04-20,4,-15.0,
2024-04-21,8,4.0,
2024-04-22,12,4.0,
2024-04-23,10,-2.0,0.9996790479473348
2024-04-24,14,4.0,
2024-04-25,13,-1.0,
2024-04-26,10,-3.0,
2024-04-27,5,-5.0,
2024-04-28,16,11.0,0.9999999999999996
2024-04-29,12,-4.0,
2024-04-30,12,0.0,
2024-05-01,21,9.0,
2024-05-02,14,-7.0,
2024-05-03,8,-6.0,0.5559377750713684
2024-05-04,2,-6.0,
2024-05-05,3,1.0,
2024-05-06,6,3.0,
2024-05-07,8,2.0,
2024-05-08,11,3.0,0.0
2024-05-09,5,-6.0,
2024-05-10,6,1.0,
2024-05-11,2,-4.0,
2024-05-12,2,0.0,
2024-05-13,8,6.0,0.0
2024-05-14,9,1.0,
2024-05-15,11,2.0,
2024-05-16,11,0.0,
2024-05-17,9,-2.0,
2024-05-18,7,-2.0,0.9999999979402906
2024-05-19,4,-3.0,
2024-05-20,11,7.0,
2024-05-21,10,-1.0,
2024-05-22,7,-3.0,
2024-05-23,14,7.0,0.9999999999999449
2024-05-24,7,-7.0,
2024-05-25,5,-2.0,
2024-05-26,2,-3.0,
2024-05-27,12,10.0,
2024-05-28,12,0.0,0.40165528309285303
2024-05-29,10,-2.0,
2024-05-30,6,-4.0,
2024-05-31,10,4.0,
2024-06-01,4,-6.0,
2024-06-02,10,6.0,0.9999999987602627
2024-06-03,18,8.0,
2024-06-04,11,-7.0,
2024-06-05,7,-4.0,
2024-06-06,11,4.0,
2024-06-07,16,5.0,0.9999991015895455
2024-06-08,5,-11.0,
2024-06-09,3,-2.0,
2024-06-10,6,3.0,
2024-06-11,11,5.0,
2024-06-12,13,2.0,0.13098264800125498
2024-06-13,10,-3.0,
2024-06-14,11,1.0,
2024-06-15,3,-8.0,
2024-06-16,4,1.0,
2024-06-17,8,4.0,0.9985869972068186
2024-06-18,17,9.0,
2024-06-19,10,-7.0,
2024-06-20,13,3.0,
2024-06-21,14,1.0,
2024-06-22,5,-9.0,0.9653374244414761
2024-06-23,3,-2.0,
2024-06-24,7,4.0,
2024-06-25,15,8.0,
2024-06-26,8,-7.0,
2024-06-27,7,-1.0,0.9871226869502161
2024-06-28,4,-3.0,
2024-06-29,6,2.0,
2024-06-30,4,-2.0,
2024-07-01,4,0.0,
2024-07-02,6,2.0,1.0
2024-07-03,6,0.0,
2024-07-04,3,-3.0,
2024-07-05,8,5.0,
2024-07-06,11,3.0,
2024-07-07,1,-10.0,0.9757725592376043
2024-07-08,10,9.0,
2024-07-09,7,-3.0,
2024-07-10,13,6.0,
2024-07-11,7,-6.0,
2024-07-12,10,3.0,0.0002940181584314962
2024-07-13,3,-7.0,
2024-07-14,5,2.0,
2024-07-15,8,3.0,
2024-07-16,13,5.0,
2024-07-17,18,5.0,0.00011554988462384503
2024-07-18,11,-7.0,
2024-07-19,8,-3.0,
2024-07-20,8,0.0,
2024-07-21,3,-5.0,
2024-07-22,14,11.0,2.114363056447632e-11
2024-07-23,7,-7.0,
2024-07-24,18,11.0,
2024-07-25,12,-6.0,
2024-07-26,13,1.0,
2024-07-27,7,-6.0,1.0
2024-07-28,7,0.0,
2024-07-29,15,8.0,
2024-07-30,16,1.0,
2024-07-31,26,10.0,
2024-08-01,20,-6.0,1.0
2024-08-02,20,0.0,
2024-08-03,13,-7.0,
2024-08-04,9,-4.0,
2024-08-05,17,8.0,
2024-08-06,16,-1.0,0.9226882793178562
2024-08-07,17,1.0,
2024-08-08,27,10.0,
2024-08-09,12,-15.0,
2024-08-10,13,1.0,
2024-08-11,6,-7.0,1.0
2024-08-12,11,5.0,
2024-08-13,5,-6.0,
2024-08-14,7,2.0,
2024-08-15,11,4.0,
2024-08-16,8,-3.0,0.12649178238450381
2024-08-17,4,-4.0,
2024-08-18,5,1.0,
2024-08-19,17,12.0,
2024-08-20,7,-10.0,
2024-08-21,15,8.0,1.0
2024-08-22,11,-4.0,
2024-08-23,6,-5.0,
2024-08-24,2,-4.0,
2024-08-25,8,6.0,
2024-08-26,13,5.0,0.9512397623256643
2024-08-27,16,3.0,
2024-08-28,14,-2.0,
2024-08-29,18,4.0,
2024-08-30,8,-10.0,
2024-08-31,4,-4.0,0.02206934990853105
2024-09-01,6,2.0,
2024-09-02,7,1.0,
2024-09-03,15,8.0,
2024-09-04,11,-4.0,
2024-09-05,10,-1.0,0.15076384422632708
2024-09-06,12,2.0,
2024-09-07,4,-8.0,
2024-09-08,10,6.0,
2024-09-09,14,4.0,
2024-09-10,12,-2.0,0.06824106685611404
2024-09-11,14,2.0,
2024-09-12,8,-6.0,
2024-09-13,7,-1.0,
2024-09-14,6,-1.0,
2024-09-15,6,0.0,0.3024487274323852
2024-09-16,12,6.0,
2024-09-17,6,-6.0,
2024-09-18,9,3.0,
2024-09-19,9,0.0,
2024-09-20,6,-3.0,0.4464934409727582
2024-09-21,4,-2.0,
2024-09-22,6,2.0,
2024-09-23,13,7.0,
2024-09-24,11,-2.0,
2024-09-25,13,2.0,0.0952100666903014
2024-09-26,14,1.0,
2024-09-27,11,-3.0,
2024-09-28,1,-10.0,
2024-09-29,7,6.0,
2024-09-30,11,4.0,0.10524714288073567
2024-10-01,9,-2.0,
2024-10-02,3,-6.0,
2024-10-03,10,7.0,
2024-10-04,7,-3.0,
2024-10-05,5,-2.0,2.1208765883490696e-12
2024-10-06,5,0.0,
2024-10-07,12,7.0,
2024-10-08,19,7.0,
2024-10-09,8,-11.0,
2024-10-10,28,20.0,0.9983403033344868
2024-10-11,11,-17.0,
2024-10-12,3,-8.0,
2024-10-13,7,4.0,
2024-10-14,14,7.0,
2024-10-15,15,1.0,0.1448258801287729
2024-10-16,20,5.0,
2024-10-17,11,-9.0,
2024-10-18,9,-2.0,
2024-10-19,6,-3.0,
2024-10-20,9,3.0,0.025679692450596633
2024-10-21,11,2.0,
2024-10-22,10,-1.0,
2024-10-23,11,1.0,
2024-10-24,13,2.0,
2024-10-25,6,-7.0,0.04861896064596829
2024-10-26,8,2.0,
2024-10-27,11,3.0,
2024-10-28,19,8.0,
2024-10-29,13,-6.0,
2024-10-30,26,13.0,0.6239211464669235
2024-10-31,20,-6.0,
2024-11-01,11,-9.0,
2024-11-02,11,0.0,
2024-11-03,8,-3.0,
2024-11-04,9,1.0,0.05093374588626193
2024-11-05,12,3.0,
2024-11-06,16,4.0,
2024-11-07,17,1.0,
2024-11-08,8,-9.0,
2024-11-09,6,-2.0,0.06371857436497835
2024-11-10,3,-3.0,
2024-11-11,10,7.0,
2024-11-12,13,3.0,
2024-11-13,9,-4.0,
2024-11-14,11,2.0,0.036623144401833244
2024-11-15,15,4.0,
2024-11-16,9,-6.0,
2024-11-17,7,-2.0,
2024-11-18,15,8.0,
2024-11-19,10,-5.0,0.07056045586692655
2024-11-20,14,4.0,
2024-11-21,9,-5.0,
2024-11-22,10,1.0,
2024-11-23,7,-3.0,
2024-11-24,8,1.0,0.033834339336164046
2024-11-25,10,2.0,
2024-11-26,13,3.0,
2024-11-27,11,-2.0,
2024-11-28,7,-4.0,
2024-11-29,6,-1.0,0.9936386706937248
2024-11-30,4,-2.0,
2024-12-01,5,1.0,
2024-12-02,21,16.0,
2024-12-03,11,-10.0,
2024-12-04,9,-2.0,0.34945959069070953
2024-12-05,15,6.0,
2024-12-06,15,0.0,
2024-12-07,8,-7.0,
2024-12-08,10,2.0,
2024-12-09,25,15.0,0.9904419319418493
2024-12-10,27,2.0,
2024-12-11,30,3.0,
2024-12-12,20,-10.0,
2024-12-13,20,0.0,
2024-12-14,17,-3.0,1.9356433370503636e-46
2024-12-15,3,-14.0,
2024-12-16,13,10.0,
2024-12-17,14,1.0,
2024-12-18,11,-3.0,
2024-12-19,27,16.0,0.9999999999994115
2024-12-20,18,-9.0,
2024-12-21,15,-3.0,
2024-12-22,12,-3.0,
2024-12-23,16,4.0,
2024-12-24,7,-9.0,0.9993010895567549
2024-12-25,7,0.0,
2024-12-26,10,3.0,
2024-12-27,10,0.0,
2024-12-28,4,-6.0,
2024-12-29,4,0.0,0.2225635998451946
2024-12-30,8,4.0,
2024-12-31,9,1.0,
2025-01-01,7,-2.0,
2025-01-02,18,11.0,
2025-01-03,15,-3.0,0.370055964536647
2025-01-04,12,-3.0,
2025-01-05,12,0.0,
2025-01-06,12,0.0,
2025-01-07,12,0.0,
2025-01-08,19,7.0,0.9992994431759556
2025-01-09,16,-3.0,
2025-01-10,22,6.0,
2025-01-11,18,-4.0,
2025-01-12,15,-3.0,
2025-01-13,22,7.0,0.9989812482037119
2025-01-14,19,-3.0,
2025-01-15,22,3.0,
2025-01-16,23,1.0,
2025-01-17,15,-8.0,
2025-01-18,13,-2.0,0.1695033328939727
2025-01-19,8,-5.0,
2025-01-20,7,-1.0,
2025-01-21,9,2.0,
2025-01-22,16,7.0,
2025-01-23,14,-2.0,0.19529354791199785
2025-01-24,13,-1.0,
2025-01-25,16,3.0,
2025-01-26,34,18.0,
2025-01-27,47,13.0,
2025-01-28,38,-9.0,0.9991193962142624
2025-01-29,39,1.0,
2025-01-30,19,-20.0,
2025-01-31,22,3.0,
2025-02-01,15,-7.0,
2025-02-02,13,-2.0,0.20872023863170117
2025-02-03,23,10.0,
2025-02-04,67,44.0,
2025-02-05,59,-8.0,
2025-02-06,31,-28.0,
2025-02-07,31,0.0,0.8494232930655016
2025-02-08,10,-21.0,
2025-02-09,13,3.0,
2025-02-10,22,9.0,
2025-02-11,17,-5.0,
2025-02-12,16,-1.0,0.32719891265908907
2025-02-13,23,7.0,
2025-02-14,13,-10.0,
2025-02-15,8,-5.0,
2025-02-16,4,-4.0,
2025-02-17,5,1.0,0.035722635730770155
2025-02-18,14,9.0,
2025-02-19,18,4.0,
2025-02-20,11,-7.0,
2025-02-21,14,3.0,
2025-02-22,9,-5.0,0.027453923951211323
2025-02-23,8,-1.0,
2025-02-24,14,6.0,
2025-02-25,16,2.0,
2025-02-26,17,1.0,
2025-02-27,17,0.0,0.01310712707143031
2025-02-28,22,5.0,
2025-03-01,15,-7.0,
2025-03-02,8,-7.0,
2025-03-03,12,4.0,
2025-03-04,13,1.0,0.018491124470599564
2025-03-05,14,1.0,
2025-03-06,12,-2.0,
2025-03-07,18,6.0,
2025-03-08,7,-11.0,
2025-03-09,12,5.0,0.0785290437364648
2025-03-10,8,-4.0,
2025-03-11,16,8.0,
2025-03-12,18,2.0,
2025-03-13,5,-13.0,
2025-03-14,7,2.0,0.03558885852411347
2025-03-15,5,-2.0,
2025-03-16,8,3.0,
2025-03-17,11,3.0,
2025-03-18,17,6.0,
2025-03-19,10,-7.0,0.13690947354534178
2025-03-20,6,-4.0,
2025-03-21,4,-2.0,
2025-03-22,10,6.0,
2025-03-23,4,-6.0,
2025-03-24,12,8.0,0.02044472540703665
2025-03-25,8,-4.0,
2025-03-26,11,3.0,
2025-03-27,12,1.0,
2025-03-28,8,-4.0,
2025-03-29,3,-5.0,0.9994478579244186
2025-03-30,3,0.0,
2025-03-31,19,16.0,
2025-04-01,15,-4.0,
2025-04-02,13,-2.0,
2025-04-03,10,-3.0,0.7852972619361489
2025-04-04,6,-4.0,
2025-04-05,8,2.0,
2025-04-06,6,-2.0,
2025-04-07,8,2.0,
2025-04-08,14,6.0,0.8056990554788945
2025-04-09,21,7.0,
2025-04-10,11,-10.0,
2025-04-11,14,3.0,
2025-04-12,8,-6.0,
2025-04-13,10,2.0,0.14558211961026607
2025-04-14,11,1.0,
2025-04-15,5,-6.0,
